title,published_date,summary,article_url,image_url,source,tag,sector,topic,relevance,relevance_score,content_clean,scraped_at
IESR: Pemerintah perlu terbitkan regulasi terkait pusat data,2026-10-02,Institute for Essential Services Reform (IESR) menyatakan pemerintah perlu mempercepat penerbitan regulasi terkait ...,https://www.antaranews.com/berita/5769233/iesr-pemerintah-perlu-terbitkan-regulasi-terkait-pusat-data,https://img.antaranews.com/cache/1200x800/2026/09/29/3B4CA193-E073-47D9-AF33-5FFF97132484.jpeg,ANTARA,Data Center di Indonesia,Data Center & Cloud,Government & Regulation,Relevant,3,"Jakarta (ANTARA) - Institute for Essential Services Reform (IESR) menyatakan pemerintah perlu mempercepat penerbitan regulasi terkait safeguard AI dan pusat data atau data center yang menjadikan standar lingkungan, sosial, dan energi sebagai syarat perizinan. ""Tanpa standar nasional, setiap proyek dinilai kasus per kasus dan pengawasan bergantung pada inisiatif kepala daerah,"" kata Chief Executive Officer IESR Fabby Tumiwa saat dikonfirmasi di Jakarta, Jumat. Menurut dia, kasus penghentian proyek data center di Jatiluhur, Jawa Barat, menunjukkan Indonesia belum memiliki aturan main yang memadai untuk menghadapi gelombang investasi data center dan AI. Padahal pada Mei lalu, Komdigi, kata dia, memperkirakan kebutuhan listrik data center Indonesia pada 2029 dapat mencapai lebih dari 2 GW. Sementara PLN memperkirakan kebutuhan listrik data center dapat mencapai 25 GW di 2035. Untuk itu, IESR mendesak pemerintah pusat, khususnya Kementerian Komunikasi dan Digital, Kementerian ESDM, Kementerian Lingkungan Hidup, dan Kementerian Pekerjaan Umum dan Kementerian Koordinator Bidang Perekonomian, untuk mengambil langkah. Seperti segera menerbitkan regulasi safeguard AI dan data center yang menjadikan standar lingkungan, sosial, dan energi sebagai syarat perizinan. ""Mewajibkan seluruh data center di Indonesia menggunakan sistem pendingin tanpa air (waterless) atau sirkulasi tertutup (closed-loop), agar tidak bersaing dengan kebutuhan air minum dan pertanian,"" ujarnya. Selain itu, IESR mendesak pemerintah menetapkan batas efisiensi energi Power Usage Effectiveness (PUE) di bawah 1,3 dan standar efisiensi perangkat IT yang bisa menurunkan konsumsi energi bagi seluruh data center. Tidak hanya itu, pemerintah juga perlu mewajibkan data center menggunakan energi terbarukan secara langsung, minimal 35 persen pada 2030 dan 50 persen pada 2040, melalui pembangkit di lokasi maupun kontrak pembelian listrik energi terbarukan, bukan sekadar sertifikat. Kewajiban tersebut kata Febby sejalan dengan arah Kebijakan Energi Nasional (PP 40/2025) yang menargetkan bauran energi baru dan terbarukan 36-40 persen pada 2040, sebagai sektor baru dengan kebutuhan energi besar dan permodalan kuat, data center semestinya mencapainya lebih awal, bukan membebani pencapaian target nasional. ""Indonesia ingin menjadi pusat data center di kawasan. Itu peluang, tetapi hanya jika data center yang dibangun hemat air, efisien, dan ditenagai energi terbarukan. Jika tidak, kita menanggung emisi dan krisis air demi melayani permintaan komputasi global. Pemerintah perlu bergerak cepat sebelum puluhan proyek serupa terkunci dengan standar yang rendah,"" katanya menambahkan. IESR siap mendukung pemerintah pusat dan daerah dalam menyusun standar data center hijau yang melindungi masyarakat, lingkungan, dan iklim.",2026-10-05 01:48:23
PLN Batam pastikan keandalan listrik dukung pertumbuhan data center,2026-10-02,"PLN Batam, Kepulauan Riau (Kepri) memastikan kesiapan sistem kelistrikan untuk mendukung pertumbuhan industri data ...",https://www.antaranews.com/berita/5767905/pln-batam-pastikan-keandalan-listrik-dukung-pertumbuhan-data-center,https://img.antaranews.com/cache/1200x800/2026/10/02/29278bc7-cf6a-49ab-a66a-454b91a7f053.jpeg,ANTARA,Data Center di Indonesia,Data Center & Cloud,Infrastructure,Relevant,3,"Batam (ANTARA) - PLN Batam, Kepulauan Riau (Kepri) memastikan kesiapan sistem kelistrikan untuk mendukung pertumbuhan industri data center (pusat data) dan ekonomi digital yang terus berkembang dan tumbuh positif di kota itu. “PLN Batam berkomitmen untuk mendukung pertumbuhan ekonomi digital dan industri data center dengan memastikan ketersediaan listrik yang andal, kompetitif, dan berkelanjutan,” ujar Direktur Utama PT PLN Batam Kwin Fo dalam keterangan resmi yang diterima di Batam, Jumat. Pihaknya terus mempersiapkan sistem kelistrikan Batam untuk mengantisipasi pertumbuhan kebutuhan listrik di masa depan, termasuk melalui pengembangan kapasitas pembangkitan secara bertahap sesuai dengan pertumbuhan permintaan. Ia mengatakan hal tersebut pada kegiatan Data Centre World Asia bagian dari rangkaian Tech Week Singapore 2026 yang digelar di Singapura. Menurut Kwin Fo, perkembangan industri data center telah menempatkan Batam pada radar investasi global. Kedekatan geografis dengan Singapura, dukungan infrastruktur, serta ekosistem investasi yang terus berkembang menjadi sejumlah faktor yang meningkatkan daya tarik Batam bagi industri digital dan data center. “Ketika berbicara mengenai pengembangan data center di Indonesia, Batam semakin dikenal oleh investor global. Kedekatannya dengan Singapura dan posisinya sebagai bagian dari kawasan perdagangan bebas memberikan nilai tambah yang sangat menarik bagi investor, khususnya di sektor teknologi dan AI (kecerdasan buatan),” katanya menjelaskan. Kwin Fo juga menyampaikan bahwa Badan Pengusahaan (BP) Batam memiliki peran penting dalam menciptakan ekosistem investasi yang mendukung percepatan pengembangan industri di Batam. Menurutnya, kemudahan dan kecepatan proses perizinan menjadi salah satu faktor yang dapat meningkatkan daya saing Batam dalam menarik investasi global. “Batam memiliki keunggulan sebagai kawasan perdagangan bebas. Dukungan BP Batam dalam memberikan kemudahan dan kecepatan proses investasi menjadi salah satu faktor penting yang membuat Batam semakin menarik bagi investor teknologi dan data center,” tambah Kwin Fo. Selain aspek keandalan pasokan listrik, PLN Batam juga terus memperkuat komitmen terhadap penyediaan energi yang lebih hijau. Ia mengatakan pengembangan energi terbarukan tersebut akan terus diperluas secara bertahap. “Pertumbuhan data center tidak hanya membutuhkan listrik dalam jumlah besar, tetapi juga membutuhkan listrik yang semakin hijau. Karena itu, PLN Batam mempersiapkan keduanya secara bersamaan: keandalan sistem kelistrikan untuk mendukung pertumbuhan industri dan peningkatan pemanfaatan energi terbarukan untuk mendukung agenda keberlanjutan,” kata Kwin Fo. Partisipasi PLN Batam dalam Data Centre World Asia menjadi bagian dari upaya perusahaan untuk memperkuat hubungan dengan komunitas bisnis dan teknologi global sekaligus memperkenalkan potensi Batam sebagai salah satu pusat pertumbuhan ekonomi digital dan industri data center di kawasan Asia.",2026-10-05 01:48:23
Pengamat nilai Indonesia menjanjikan bagi investasi data center,2026-09-29,Managing Director Energy Shift Institute (ESI) Putra Adhiguna menilai Indonesia menjanjikan sebagai tujuan investasi ...,https://www.antaranews.com/berita/5763371/pengamat-nilai-indonesia-menjanjikan-bagi-investasi-data-center,https://img.antaranews.com/cache/1200x800/2026/09/29/3B4CA193-E073-47D9-AF33-5FFF97132484.jpeg,ANTARA,Data Center di Indonesia,Data Center & Cloud,Investment,Relevant,3,"Jakarta (ANTARA) - Managing Director Energy Shift Institute (ESI) Putra Adhiguna menilai Indonesia menjanjikan sebagai tujuan investasi pusat data atau data center melalui insentif kompetitif, listrik andal, dan transisi energi bertahap. Menurut Putra, pemerintah dapat memperkuat daya tarik investasi pusat data dengan merancang insentif yang tetap mengedepankan nilai tambah domestik sehingga manfaat ekonomi lebih besar dirasakan Indonesia. ""Indonesia negara menjanjikan untuk pasar DC (data center), tetapi insentif harus berpijak pada unsur keadilan nilai tambah dalam negeri dan transisi yang lebih hijau, termasuk dalam sumber energinya,"" kata Putra dihubungi ANTARA di Jakarta, Selasa. Dia menyampaikan hal itu merespon pernyataan Menteri Energi dan Sumber Daya Mineral (ESDM) Bahlil Lahadalia yang menawari para investor untuk memanfaatkan pulau-pulau di Indonesia guna membangun data center atau pusat data. Putra mendorong agar pemberian insentif tidak hanya diberikan berdasarkan besarnya nilai investasi, melainkan harus dikaitkan dengan kontribusi terhadap penciptaan nilai tambah di dalam negeri. Menurutnya, industri pusat data menciptakan lapangan kerja permanen yang relatif terbatas, sekitar 15 pegawai untuk setiap investasi senilai 100 juta dolar Amerika Serikat (AS), sehingga manfaat ekonominya perlu diukur secara lebih menyeluruh. Karena itu, Putra menilai pemerintah perlu memastikan setiap pemberian insentif benar-benar didasarkan pada bukti kontribusi terhadap perekonomian nasional agar kebijakan tersebut tetap adil dan efektif. Di sisi lain, ia mengatakan investor pusat data memiliki kebutuhan yang beragam, mulai dari harga listrik yang kompetitif hingga ketersediaan energi bersih untuk mendukung operasional jangka panjang. Namun demikian, Putra menilai keandalan pasokan listrik tetap menjadi pertimbangan utama investor sehingga PT PLN perlu memastikan sistem kelistrikan mampu memenuhi pertumbuhan kebutuhan pusat data tanpa mengganggu layanan kepada masyarakat maupun industri lainnya. Ia juga mendorong pemerintah mengarahkan pengembangan pusat data menuju penggunaan energi hijau secara bertahap, misalnya melalui target pemanfaatan energi bersih sebesar 30 persen, kemudian meningkat menjadi 50 persen hingga 70 persen. Menurut Putra, pendekatan bertahap tersebut lebih realistis dibanding langsung mewajibkan penggunaan 100 persen energi bersih, sekaligus memberikan kepastian bagi pelaku usaha untuk berinvestasi. ""Dengan cara itu maka pelaku usaha diberikan sebuah dorongan yang lebih terukur dan data center tidak menjadi alasan untuk ekspansi PLTU dan justru menghambat transisi bersih,"" tuturnya. Ia menambahkan kombinasi insentif yang dikaitkan dengan nilai tambah domestik, pasokan listrik yang andal, dan peningkatan penggunaan energi bersih akan memperkuat posisi Indonesia sebagai tujuan investasi pusat data yang kompetitif dan berkelanjutan. Sebelumnya, Menteri Energi dan Sumber Daya Mineral (ESDM) Bahlil Lahadalia menawari para investor untuk memanfaatkan pulau-pulau di Indonesia guna membangun data center atau pusat data. “Bapak-ibu semua, tidak perlu ragu para investor kalau membangun data center di Indonesia. Wilayah kami ini wilayah yang terbesar di kawasan Asia Tenggara, pulau kami masih terlalu banyak,” ujar Bahlil dalam acara Electricity Connect 2026 yang digelar di Tangerang, Banten, Selasa (22/9). Selain itu, tutur Bahlil, Indonesia juga memiliki potensi energi yang besar untuk mendukung operasional data center. Ia mencontohkan potensi energi dari matahari, air, panas bumi, angin, dan lain-lainnya. Tak hanya memiliki keunggulan berupa wilayah yang luas dan sumber energi yang berlimpah, Bahlil juga menyampaikan biaya produksi listrik di Indonesia pasti jauh lebih kompetitif apabila dibandingkan dengan negara-negara lain. “Kami akan memberikan kemudahan-kemudahan bagi bapak-ibu semua,” ucap Bahlil di hadapan para audiens Electricity Connect 2026. Adapun salah satu aspek yang menjadi perhatian dalam membangun data center adalah kepastian pasokan listrik untuk memenuhi kebutuhan pusat data. Bahlil memastikan tidak ada permasalahan dalam pemenuhan kebutuhan listrik data center.",2026-10-05 01:48:23
Bahlil tawari investor manfaatkan pulau Indonesia untuk data center,2026-09-22,Menteri Energi dan Sumber Daya Mineral (ESDM) Bahlil Lahadalia menawari para investor untuk memanfaatkan pulau-pulau di ...,https://www.antaranews.com/berita/5752952/bahlil-tawari-investor-manfaatkan-pulau-indonesia-untuk-data-center,https://img.antaranews.com/cache/1200x800/2026/09/22/IMG_9541-2.jpg,ANTARA,Data Center di Indonesia,Data Center & Cloud,Investment,Relevant,2,"Tangerang, Banten (ANTARA) - Menteri Energi dan Sumber Daya Mineral (ESDM) Bahlil Lahadalia menawari para investor untuk memanfaatkan pulau-pulau di Indonesia guna membangun data center atau pusat data. “Bapak-ibu semua, tidak perlu ragu para investor kalau membangun data center di Indonesia. Wilayah kami ini wilayah yang terbesar di kawasan Asia Tenggara, pulau kami masih terlalu banyak,” ujar Bahlil dalam acara Electricity Connect 2026 yang digelar di Tangerang, Banten, Selasa. Selain itu, tutur Bahlil, Indonesia juga memiliki potensi energi yang besar untuk mendukung operasional data center . Ia mencontohkan potensi energi dari matahari, air, panas bumi, angin, dan lain-lainnya. Tak hanya memiliki keunggulan berupa wilayah yang luas dan sumber energi yang berlimpah, Bahlil juga menyampaikan biaya produksi listrik di Indonesia pasti jauh lebih kompetitif apabila dibandingkan dengan negara-negara lain. “Kami akan memberikan kemudahan-kemudahan bagi bapak-ibu semua,” ucap Bahlil di hadapan para audiens Electricity Connect 2026. Adapun salah satu aspek yang menjadi perhatian dalam membangun data center adalah kepastian pasokan listrik untuk memenuhi kebutuhan pusat data. Dalam kesempatan tersebut, Bahlil memastikan tidak ada permasalahan dalam pemenuhan kebutuhan listrik data center . ""Begitu mereka menyampaikan keinginannya, terus ditambah berapa kapasitas kebutuhan listrik yang dibutuhkan, pasti PLN akan menyiapkan,"" ujarnya. Kementerian Investasi dan Hilirisasi/Badan Koordinasi Penanaman Modal (BKPM) menawarkan peluang investasi pusat data di Indonesia kepada investor China dalam forum bisnis Indonesia-China Partnership Forum di Jakarta, Kamis (23/7). Deputi Bidang Pelayanan Penanaman Modal Kementerian Investasi dan Hilirisasi/BKPM Andi Maulana mengatakan perkembangan data center menjadi salah satu peluang investasi yang menjanjikan karena didukung pertumbuhan ekonomi digital Indonesia yang termasuk tercepat di Asia Tenggara. Berdasarkan paparan BKPM yang mengutip Mordor Intelligence, nilai pasar data center Indonesia mencapai sekitar 1,44 miliar dolar AS pada 2025 dan diperkirakan meningkat menjadi 1,83 miliar dolar AS pada 2026. Nilai tersebut diproyeksikan terus tumbuh menjadi 3,48 miliar dolar AS pada 2031 dengan laju pertumbuhan tahunan majemuk (compound annual growth rate/CAGR) sebesar 13,71 persen. Sementara itu, nilai pasar data center global diperkirakan meningkat dari 386,71 miliar dolar AS pada 2025 menjadi 684,39 miliar dolar AS pada 2031.",2026-10-05 01:48:23
Pengamat: Infrastruktur digital harus hasilkan transfer teknologi,2026-09-15,Pengamat Telekomunikasi sekaligus Direktur Eksekutif Indonesia ICT Institute Heru Sutadi mengatakan pembangunan ...,https://www.antaranews.com/berita/5741245/pengamat-infrastruktur-digital-harus-hasilkan-transfer-teknologi,https://img.antaranews.com/cache/1200x800/2026/09/10/IMG_0425.jpeg,ANTARA,Data Center di Indonesia,Data Center & Cloud,Investment,Relevant,3,"Jakarta (ANTARA) - Pengamat Telekomunikasi sekaligus Direktur Eksekutif Indonesia ICT Institute Heru Sutadi mengatakan pembangunan infrastruktur digital di Indonesia membutuhkan Foreign Direct Investment (FDI) karena berbiaya tinggi, namun yang tak kalah penting harus menghasilkan transfer teknologi. ""Investasi asing perlu diarahkan pemerintah agar menghasilkan transfer teknologi, peningkatan kompetensi SDM dan nilai tambah ekonomi bagi Indonesia,"" kata Heru saat dikonfirmasi di Jakarta, Selasa. Menurut dia, FDI atau penanaman modal asing (PMA) sangat penting, karena pembangunan data center atau infrastruktur digital membutuhkan modal yang besar, teknologi maju, dan kemampuan operasional yang tidak sedikit. Akan tetapi, lanjut dia, pemerintah jangan hanya mengejar besarnya investasi yang masuk, karena yang terpenting investasi tersebut dapat memberikan dampak positif bagi negara. ""Yang lebih penting adalah kualitas investasinya, seperti apakah membangun kapasitas baru, apakah menggunakan tenaga kerja lokal, melibatkan perusahaan Indonesia, membayar pajak di daerah, serta menciptakan ekosistem digital baru,"" ujar dia. Heru menambahkan bahwa FDI harus bisa menjadi instrumen yang bisa membangkitkan kemampuan nasional dan jangan sampai Indonesia hanya sebagai tempat untuk pembangunan data center tanpa ada timbal balik pada kemampuan dalam negeri. ""FDI seharusnya menjadi pengungkit kemampuan nasional, bukan sekadar menjadikan Indonesia sebagai lokasi pembangunan gedung data center,"" katanya menambahkan. Kementerian Investasi dan Hilirisasi/Badan Koordinasi Penanaman Modal (BKPM) menawarkan peluang investasi pusat data (data center) di Indonesia kepada investor China dalam forum bisnis Indonesia-China Partnership Forum di Jakarta, Kamis (23/7). Deputi Bidang Pelayanan Penanaman Modal Kementerian Investasi dan Hilirisasi/BKPM Andi Maulana mengatakan perkembangan data center menjadi salah satu peluang investasi yang menjanjikan karena didukung pertumbuhan ekonomi digital Indonesia yang termasuk tercepat di Asia Tenggara. “Perkembangan data center atau pusat data menjadi salah satu peluang investasi yang sangat menjanjikan,” kata Andi dalam forum bisnis yang dihadiri oleh perwakilan dari 27 perusahaan China itu. Berdasarkan paparan BKPM yang mengutip Mordor Intelligence, nilai pasar data center Indonesia mencapai sekitar 1,44 miliar dolar AS pada 2025 dan diperkirakan meningkat menjadi 1,83 miliar dolar AS pada 2026. Nilai tersebut diproyeksikan terus tumbuh menjadi 3,48 miliar dolar AS pada 2031 dengan laju pertumbuhan tahunan majemuk ( compound annual growth rate /CAGR) sebesar 13,71 persen. Sementara itu, nilai pasar data center global diperkirakan meningkat dari 386,71 miliar dolar AS pada 2025 menjadi 684,39 miliar dolar AS pada 2031.",2026-10-05 01:48:23
PGE siapkan pasokan listrik baseload untuk Green Data Center,2026-09-04,PT Pertamina Geothermal Energy Tbk (PGE) menyiapkan panas bumi sebagai sumber listrik baseload energi baru terbarukan ...,https://www.antaranews.com/berita/5726405/pge-siapkan-pasokan-listrik-baseload-untuk-green-data-center,https://img.antaranews.com/cache/1200x800/2026/06/26/pge-catat-kenaikan-produksi-listrik-pada-kuartal-i-2026-2812073.jpg,ANTARA,Data Center di Indonesia,Data Center & Cloud,Energy,Relevant,3,"Jakarta (ANTARA) - PT Pertamina Geothermal Energy Tbk (PGE) menyiapkan panas bumi sebagai sumber listrik baseload energi baru terbarukan (EBT) untuk menopang pertumbuhan pusat data (data center) dan ekosistem akal imitasi (AI) di Indonesia. “Pusat data membutuhkan listrik yang andal dan hijau sekaligus. Panas bumi adalah energi domestik yang bersih dan mampu beroperasi sebagai baseload sepanjang waktu, sehingga sangat cocok menjadi tulang punggung green data center di Indonesia,” ujar Direktur Utama PGE Ahmad Yani dalam keterangannya yang diterima di Jakarta, Jumat. Menurut data Kementerian Komunikasi dan Digital (Komdigi) dan Asosiasi Penyelenggara Jasa Internet Indonesia (APJII), Indonesia tengah memasuki era transformasi digital dengan meningkatnya kebutuhan akan data center. Perkembangan ini didukung oleh 235,26 juta pengguna internet dan 185 fasilitas yang diperkirakan terus bertambah hingga 2029-2030. Ahmad Yani menjelaskan, kebutuhan pusat data dan AI factory memiliki karakter yang sangat spesifik, yakni pasokan listrik harus stabil, tersedia 24 jam, sekaligus bersih. Karakter tersebut sulit dipenuhi sumber energi terbarukan yang bersifat intermiten. Ia mengatakan, PGE telah memulai langkah konkret melalui kajian pengembangan elektrifikasi green data center dengan energi panas bumi di Area Kamojang, Jawa Barat. Proyek tersebut dirancang sebagai pilot project dan proof of concept untuk memvalidasi model bisnis, menjajaki kebutuhan calon pengguna, serta menyiapkan pasar. Guna mendorong optimalisasi pengembangan data center berbasis EBT, tutur dia, khususnya panas bumi, terdapat beberapa langkah kunci yang perlu dukungan penuh. Pertama, menyempurnakan regulasi tarif agar lebih kompetitif, transparan, dan predictable; kemudian, memperluas pemanfaatan insentif fiskal dan green financing. “Ketiga, memperkuat sinkronisasi WKP, RUPTL, jaringan, PPA, dan target COD. Keempat, diperlukan penyesuaian strategi dengan kebijakan pemerintah dalam blueprint pengembangan data center sekaligus panas bumi nasional,” ujar Ahmad Yani.",2026-10-05 01:48:23
ESDM harapkan hasil rekomendasi kebijakan dari IEE Series 2026,2026-09-02,Kementerian Energi dan Sumber Daya Mineral (ESDM) berharap Indonesia Energy & Engineering (IEE) Series ...,https://www.antaranews.com/berita/5723047/esdm-harapkan-hasil-rekomendasi-kebijakan-dari-iee-series-2026,https://img.antaranews.com/cache/1200x800/2026/09/02/IMG_1134.jpeg,ANTARA,Data Center di Indonesia,Data Center & Cloud,Government & Regulation,Review,1,"Jakarta (ANTARA) - Kementerian Energi dan Sumber Daya Mineral (ESDM) berharap Indonesia Energy & Engineering (IEE) Series 2026 yang digelar di JIExpo Kemayoran, Jakarta, hingga 12 September mendatang menghasilkan rekomendasi yang dapat menjadi masukan dalam penyusunan kebijakan pemerintah. Direktur Jenderal Energi Baru, Terbarukan, dan Konservasi Energi (EBTKE) Eniya Listiani Dewi mengatakan pemerintah membutuhkan masukan dari berbagai asosiasi untuk mendukung kajian dan penyusunan kebijakan di sektor EBTKE. “Sebab, masukan dari asosiasi dan stakeholder itu sangat penting (bagi pemerintah),"" kata Eniya saat ditemui usai pembukaan IEE Series - Energy Week 2026 di Jakarta, Rabu. Menurut dia, masukan dari asosiasi di sektor energi baru, terbarukan, dan konservasi energi antara lain diperlukan dalam berbagai kajian mengenai pembangkit listrik tenaga surya (PLTS) dan harga yang menjadi salah satu landasan pemerintah dalam menentukan kebijakan. Selain itu, Eniya mencontohkan peran asosiasi dalam mendukung pengembangan sumber daya manusia di bidang efisiensi energi, antara lain melalui pengembangan auditor energi dan manajer energi. Ia mengatakan pemerintah berharap kegiatan yang mempertemukan berbagai pemangku kepentingan tidak berhenti pada diskusi, tetapi menghasilkan kesimpulan dari setiap sesi yang dapat menjadi rekomendasi bagi pemerintah. “Kita ingin adanya kesimpulan dari masing-masing sesi. Tidak hanya gelar wicara, tetapi ada hasil yang menjadi rekomendasi pemerintah,” ujarnya. Eniya mengatakan Menteri ESDM juga mendorong seluruh pemangku kepentingan dalam ekosistem EBTKE untuk dapat berkumpul dan memberikan masukan secara bersama-sama. “Karena seluruh ekosistemnya harus ada,” kata dia. IEE Series - Energy Week 2026 berlangsung pada 2–5 September 2026 di JIExpo Kemayoran, Jakarta, dengan menghadirkan Electric & Power Indonesia, The Battery Show Indonesia, dan Data Center Asia–Indonesia. Kegiatan tersebut mengangkat tema “Sustainability for Industrial Transformation” dan mempertemukan pelaku industri, asosiasi, penyedia teknologi, akademisi, serta pemangku kepentingan di sektor energi dan infrastruktur digital. Seri pameran teknologi dan industri terbesar di Indonesia ini menyediakan berbagai gelar wicara dan forum diskusi yang berfokus pada sektor energi, kelistrikan, dan teknik (engineering), hingga menyinggung sektor otomotif.",2026-10-05 01:48:23
Danantara siap perluas investasi pusat data seiring permintaan tinggi,2026-08-27,Badan Pengelola Investasi (BPI) Danantara siap memperluas investasi di sektor pusat data (data center) seiring ...,https://www.antaranews.com/berita/5714187/danantara-siap-perluas-investasi-pusat-data-seiring-permintaan-tinggi,https://img.antaranews.com/cache/1200x800/2026/05/08/IMG_0273.jpeg,ANTARA,Data Center di Indonesia,Data Center & Cloud,Infrastructure,Relevant,3,"Jakarta (ANTARA) - Badan Pengelola Investasi (BPI) Danantara siap memperluas investasi di sektor pusat data (data center) seiring tingginya permintaan terhadap infrastruktur digital di Indonesia. Chief Technology Officer (CTO) Danantara Sigit Puji Santosa mengatakan kebutuhan terhadap kapasitas data center saat ini terus meningkat, bahkan kapasitas baru yang dibangun langsung terserap pasar. ""Kalau kita membangun 100 megawatt, 200 megawatt, habis langsung,"" ujar dia di Jakarta, Kamis. Menurut dia, permintaan data center di Indonesia saat ini sangat besar. Setiap investasi baru untuk pembangunan pusat data disebut langsung diikuti dengan penyerapan kapasitas oleh pasar. Ia mengatakan kondisi tersebut menyebabkan waktu tunggu untuk memperoleh kapasitas data center dapat mencapai enam bulan hingga satu tahun. ""Permintaan data center luar biasa besar, sehingga terjadi kelangkaan, harus menunggu enam bulan, sembilan bulan sampai setahun,"" katanya. Menurut dia, Indonesia saat ini memiliki sekitar 45 data center berskala besar. Namun, tingginya kebutuhan terhadap infrastruktur digital membuat ketersediaan kapasitas menjadi tantangan. Danantara, kata dia, siap mengambil bagian dalam pengembangan infrastruktur tersebut, termasuk menyiapkan kebutuhan teknologi dan komponen pendukung bagi industri pusat data. Selain infrastruktur pusat data, Sigit mengatakan bahwa Danantara juga menaruh perhatian pada pengembangan chip semikonduktor terutama artificial intelligence (AI) chip yang kebutuhannya meningkat pesat. Ia mengatakan Danantara telah menjalin kerja sama dengan perusahaan semikonduktor Inggris Arm Limited untuk mengembangkan desain chip. Sejumlah badan usaha milik negara (BUMN) juga dilibatkan dalam pengembangan tersebut. Ia menambahkan kebutuhan terhadap AI chip saat ini juga mengalami peningkatan tajam secara global, dengan waktu tunggu untuk memperoleh chip tersebut di sejumlah negara dapat mencapai enam hingga sembilan bulan. Menurut Sigit, Danantara akan menyiapkan kebutuhan infrastruktur digital mulai dari sistem, subsistem, hingga komponen yang diperlukan untuk menangkap peluang pertumbuhan industri tersebut. Namun demikian, ia mengatakan pengembangan infrastruktur digital masih menghadapi sejumlah tantangan, antara lain keterbatasan daya serta kompleksitas proses dan regulasi. ""Memang tantangannya cukup besar, tapi juga peluangnya juga cukup besar,"" ucap Sigit.",2026-10-05 01:48:23
"Menkeu evaluasi dampak FTA, kaji potensi ekonomi dari sektor industri",2026-08-20,Menteri Keuangan Purbaya Yudhi Sadewa mengevaluasi efek perjanjian perdagangan bebas atau Free Trade Agreement (FTA) ...,https://www.antaranews.com/berita/5703855/menkeu-evaluasi-dampak-fta-kaji-potensi-ekonomi-dari-sektor-industri,https://img.antaranews.com/cache/1200x800/2026/08/20/WhatsApp-Image-2026-08-20-at-17.53.02.jpeg,ANTARA,Data Center di Indonesia,Data Center & Cloud,Energy,Relevant,2,"Jakarta (ANTARA) - Menteri Keuangan Purbaya Yudhi Sadewa mengevaluasi efek perjanjian perdagangan bebas atau Free Trade Agreement (FTA) sambil menggali potensi ekonomi yang muncul dari sektor industri yang terdampak. “Bulan September ke depan, kami ubah pendekatan Kemenkeu dari potensi ekonomi, termasuk free trade , agar pertumbuhan ekonomi bisa laju kencang minimal di 6 persen di akhir 2026,” kata Purbaya dalam kegiatan Free Trade Agreements on Indonesia Industrialization and Economic Perforamance , sebagaimana dikutip dari keterangan tertulis di Jakarta, Kamis. Menkeu ingin melakukan pemetaan berdasarkan dampak nyata terhadap masing-masing industri. Industri yang tidak memiliki prospek perlu diidentifikasi, sementara sektor yang masih bisa diselamatkan harus mendapatkan strategi yang tepat. Dia juga menyoroti industri baru yang saat ini belum menjadi kekuatan utama Indonesia tetapi memiliki prospek pertumbuhan tinggi, contohnya data center . Menurutnya, Indonesia memiliki peluang besar untuk menarik investasi pusat data, tetapi pemerintah harus memastikan ketersediaan energi untuk mendukung perkembangan industri tersebut. Selain itu, Purbaya juga melihat peluang dari kerja sama perdagangan Indonesia dengan Eropa, khususnya terkait produk yang menggunakan energi baru terbarukan. Dia menilai fasilitas perdagangan tersebut dapat menjadi peluang bagi industri Indonesia untuk meningkatkan daya saing ekspor. Menkeu mencontohkan sektor tekstil dan alas kaki yang berpotensi mendapatkan keuntungan dari penggunaan energi terbarukan dalam proses produksinya. Menkeu juga membuka kemungkinan memperkuat investasi energi panas bumi melalui PT Geo Dipa Energi untuk mendukung kawasan industri. “Saya kan punya Geo Dipa, saya bisa drill lebih banyak geotermal, saya investasi di situ untuk memberi energi ke suatu pusat industri tekstil atau industri tekstil yang sudah ada, sehingga dia bisa ekspor ke Eropa dengan lebih kompetitif,” katanya menambahkan. Selanjutnya, Menkeu menyampaikan bahwa pendekatan tersebut menggarisbawahi bahwa pemerintah perlu menemukan sektor mana yang memiliki peluang untuk berkembang dan kemudian menentukan intervensi yang diperlukan. Purbaya juga melihat bahwa tantangan perdagangan bebas bukan semata-mata persoalan ancaman bagi industri dalam negeri. Justru, kata dia, FTA harus dimanfaatkan untuk mengidentifikasi peluang baru, meningkatkan daya saing industri, memperkuat energi, menarik investasi, serta mendorong ekspor bernilai tambah.",2026-10-05 01:48:23
JLL: Indonesia berpeluang jadi pusat data center regional,2026-08-18,Konsultan properti Jones Lang LaSalle atau JLL menilai Indonesia berpeluang menjadi tujuan investasi pusat data (data ...,https://www.antaranews.com/berita/5699703/jll-indonesia-berpeluang-jadi-pusat-data-center-regional,https://img.antaranews.com/cache/1200x800/2026/08/18/tempImagejqDWQZ_1.jpg,ANTARA,Data Center di Indonesia,Data Center & Cloud,Infrastructure,Relevant,5,"Jakarta (ANTARA) - Konsultan properti Jones Lang LaSalle atau JLL menilai Indonesia berpeluang menjadi tujuan investasi pusat data (data center) di kawasan Asia Tenggara seiring meningkatnya kebutuhan infrastruktur digital dan perkembangan teknologi kecerdasan buatan. Country Head and Head of Logistics & Industrial JLL Indonesia Farazia Basarah dalam taklimat media di Jakarta, Selasa, mengatakan arus investasi data center ke Indonesia antara lain dipengaruhi keterbatasan pengembangan di sejumlah negara tetangga. Menurut dia, sekitar lima hingga tujuh tahun lalu Singapura menjadi salah satu lokasi utama pengembangan data center . Namun, pemerintah Singapura kemudian menerapkan moratorium pembangunan data center karena tingginya konsumsi listrik sektor tersebut. “Setelah itu development data center akhirnya beralih ke Malaysia dan Batam. Di Malaysia kita melihat di Johor Bahru, semuanya menarik ke Johor Bahru,” kata Farazia. Namun, pembangunan data center di Johor Bahru kemudian merambah kawasan komersial dan residensial. Kondisi tersebut memunculkan masukan dari masyarakat setempat karena pembangunan pusat data dinilai mengganggu lingkungan sekitar. Menurut Farazia, pemerintah Johor Bahru akhirnya menerapkan moratorium sehingga ekspansi data center di kawasan tersebut tidak lagi dapat dilakukan secara ekspansif. “Akibat dari itu, demand akhirnya langsung ke Indonesia, yaitu di Batam dan juga Jakarta,” ujarnya. Farazia mengatakan Jakarta telah menjadi lokasi pengembangan data center sejak sekitar 2018-2019, terutama untuk mendukung layanan cloud . Namun, skala pengembangannya kini jauh lebih besar seiring meningkatnya kebutuhan data. Menurut dia, Indonesia memiliki sejumlah faktor yang mendukung pertumbuhan industri data center, termasuk jumlah penduduk yang besar dan tingkat penetrasi internet yang mencapai sekitar 81 persen. “Dari 290 juta penduduk dan kita melihat Gen Z dan milenial yang benar-benar melek data dan social media, itu juga menambahkan requirement kebutuhan data center ,” katanya. “Itu adalah salah satu potensi mengapa Indonesia sekarang menjadi pusat destinasi data center ,” katanya menambahkan. Meski demikian, Farazia mengingatkan bahwa investasi data center memiliki karakteristik berbeda dengan industri manufaktur dari sisi penyerapan tenaga kerja. Dia mencontohkan pembangunan pabrik dengan luas lahan yang sama berpotensi menciptakan lapangan kerja lebih banyak dibandingkan fasilitas data center. “Kalau membangun pabrik, misalnya pabrik mobil, mungkin bisa menyerap 500 sampai 1.000 tenaga kerja. Sedangkan data center dengan 20-40 hektare mungkin tidak banyak tenaga kerjanya,” kata Farazia. Untuk itu, menurut dia, pemerintah perlu memastikan pertumbuhan data center memberikan efek berganda melalui terbentuknya industri pendukung dan ekosistem teknologi di dalam negeri.",2026-10-05 01:48:23
JLL: Kebutuhan lahan bangun pusat data di Indonesia terus meningkat,2026-08-18,Kebutuhan lahan untuk pembangunan pusat data (data center) di Indonesia terus meningkat seiring dengan pesatnya ...,https://www.antaranews.com/berita/5699671/jll-kebutuhan-lahan-bangun-pusat-data-di-indonesia-terus-meningkat,https://img.antaranews.com/cache/1200x800/2026/08/18/tempImagejqDWQZ.jpg,ANTARA,Data Center di Indonesia,Data Center & Cloud,Infrastructure,Relevant,4,"Jakarta (ANTARA) - Kebutuhan lahan untuk pembangunan pusat data (data center) di Indonesia terus meningkat seiring dengan pesatnya pertumbuhan penggunaan data dan kecerdasan buatan (artificial intelligence/AI). Country Head and Head of Logistics & Industrial JLL Indonesia Farazia Basarah mengatakan sekitar 80 persen permintaan lahan industri yang masuk dalam cakupan riset JLL saat ini berasal dari sektor pusat data. “Dua sampai tiga tahun lalu mungkin mereka minta sekitar 5 hektare tanah, tapi saat ini requirement yang kita terima mulai dari minimal 10 hektare sampai dengan 30 hektare untuk satu data center ,” kata Farazia dalam taklimat media di Jakarta, Selasa. Menurut dia, peningkatan kebutuhan lahan tersebut perlu diimbangi dengan kesiapan infrastruktur, khususnya listrik dan air bersih, serta ketersediaan lahan. Kebutuhan listrik untuk setiap proyek pusat data juga semakin besar. Saat ini, Farazia menyebut satu pusat data dapat membutuhkan pasokan listrik sekitar 100 megawatt (MW) hingga 200 MW. Dia menilai kebutuhan tersebut semakin menantang karena permintaan pusat data, khususnya yang berkaitan dengan AI, tumbuh sangat cepat. “Per kuartal itu sangat besar dilihat dari AI, pertumbuhan AI dan mungkin salah satu aplikasi AI juga sudah semakin canggih saat ini. Jadi itu juga berdampak terhadap pertumbuhan data center untuk AI,” kata Farazia. Berdasarkan hasil riset JLL Indonesia, kapasitas data center yang telah beroperasi mencapai sekitar 450 MW. Tingkat okupansi mencapai sekitar 70 persen di daerah CBD Jakarta dan sekitarnya serta sekitar 80 persen di kawasan Cikarang, Karawang, dan bagian timur Jakarta. Farazia mengatakan pertumbuhan permintaan pusat data membuat kesiapan infrastruktur menjadi salah satu faktor penting dalam pengembangan industri tersebut di Indonesia. Selain listrik, ia menyebut pengembang juga perlu memastikan ketersediaan air bersih dan lahan yang memadai untuk mengakomodasi kebutuhan fasilitas data center yang semakin besar. Pemerintah terus mendorong pengembangan pusat data untuk mendukung pertumbuhan ekonomi digital. Menteri Koordinator Bidang Perekonomian Airlangga Hartarto menilai Indonesia memiliki sejumlah keunggulan untuk mengembangkan industri tersebut, antara lain ketersediaan lahan, harga energi yang kompetitif, serta sumber energi domestik yang beragam seperti panas bumi, tenaga surya, dan tenaga air. Pemerintah juga menyiapkan infrastruktur pendukung guna memastikan ketersediaan energi yang andal bagi pengembangan pusat data di berbagai wilayah Indonesia. Sejalan dengan itu, perkembangan pusat data menjadi salah satu peluang investasi yang dinilai menjanjikan. Badan Koordinasi Penanaman Modal (BKPM) mengutip Mordor Intelligence menyebut nilai pasar pusat data Indonesia mencapai sekitar 1,44 miliar dolar Amerika Serikat (AS) pada 2025 dan diperkirakan meningkat menjadi 1,83 miliar dolar AS pada 2026. Nilai tersebut diproyeksikan terus tumbuh menjadi 3,48 miliar dolar AS pada 2031, dengan laju pertumbuhan tahunan majemuk (compound annual growth rate/CAGR) sebesar 13,71 persen.",2026-10-05 01:48:23
DTI-CX wadah wujudkan konektivitas digital untuk Indonesia berdaulat,2026-08-06,Para pelaku industri hingga perwakilan pemerintah menjadikan Digital Transformation Indonesia Conference & Expo ...,https://www.antaranews.com/berita/5682168/dti-cx-wadah-wujudkan-konektivitas-digital-untuk-indonesia-berdaulat,https://img.antaranews.com/cache/1200x800/2026/08/06/IMG-20260805-WA0357.jpg,ANTARA,Data Center di Indonesia,Data Center & Cloud,Investment,Review,1,"Jakarta (ANTARA) - Para pelaku industri hingga perwakilan pemerintah menjadikan Digital Transformation Indonesia Conference & Expo (DTI-CX 2026) sebagai wadah untuk mewujudkan komitmen menghadirkan konektivitas digital yang dapat menciptakan Indonesia berdaulat. Hal ini senada dengan tema yang diangkat ""Konektivitas Digital untuk Indonesia Berdaulat"" dengan tujuan memperkuat komitmen ekosistem konektivitas digital untuk membangun infrastruktur digital inklusif serta mendorong pemanfaatan teknologi sebagai fondasi kemandirian dan daya saing bangsa. ""Kita butuh teknologi yang inovatif, aman, dan bertanggung jawab. Semua investasi ini seharusnya menjadikan satu tujuan. Hadirnya DTI Series 2026, untuk memastikan teknologi ini tidak hanya menghubungkan Indonesia, tapi juga untuk melindungi hak mereka dan memperkuat masa depan,"" kata Direktur Jenderal Ekosistem Digital Kementerian Komunikasi dan Digital (Kemkomdigi) Edwin Hidayat Abdullah dalam keterangannya yang diterima di Jakarta, Kamis. Kegiatan ini merupakan bentuk nyata kolaborasi ekosistem digital Indonesia mulai dari Kemkomdigi, Badan Siber dan Sandi Negara (BSSN), Masyarakat Telematika Indonesia (Mastel), Asosiasi Penyelenggara Jasa Internet Indonesia (APJII), Asosiasi Penylenggara Data Center Indonesia (IDPRO), hingga Perkumpulan Manajemen Sumberdaya Manusia Indonesia (PMSM). Di dalam DTI-CX 2026 yang berlangsung mulai 5-6 Agustus 2026 di Jakarta International Convention Center, Jakarta Pusat terdapat juga DCTI-CX ( Data Center Tech Indonesia ), DTI-HR ( Human Resource Transformation ), dan CRD-CX ( Cyber Resilience & Defense ). Semua forum itu bergabung untuk membahas perkembangan dan tantangan transformasi digital Indonesia tidak hanya membahas infrastruktur digital secara fisik tapi juga membahas kecerdasan artifisial (AI), keamanan siber, hingga transformasi SDM untuk menciptakan daya saing di bidang teknologi. Sebagai perwakilan dari organisasi, Ketua Umum Mastel Sarwoto Atmosutarno mengatakan Indonesia harus mampu membangun ekosistem digital yang tidak hanya berkembang secara teknologi tapi juga memiliki nilai strategis bagi kedaulatan bangsa. Maka dari itu, konektivitas digital perlu diperkuat kehadirannya mengingat perannya sebagai salah satu hal yang fundamental dalam mewujudkan transformasi digital nasional dan menciptakan ekosistem digital yang sehat. ""Indonesia harus loncat segera ke 5G, Indonesia harus loncat segera ke kripto kuantum, kemudian Indonesia harus loncat juga ke satelit yang non-terrestrial network ,"" kata Sarwoto menyebutkan beragam infrastruktur yang menjadi dasar terciptanya konektivitas digital inklusif. Hadirnya DTI-CX 2026 juga bertepatan dengan momentum peringatan Hari Bhakti Postel ke-81 di Indonesia. Harapannya dengan hadirnya wadah kolaborasi ini, maka seluruh bagian ekosistem digital dapat menyamakan persepsi untuk menciptakan konektivitas digital mewujudkan Indonesia berdaulat. Ketua Pelaksana Hari Bhakti Postel ke-81 Tahun 2026 Theodorus Ardi Hartoko menyampaikan hadirnya DTI-CX 2026 menjadi bukti bahwa seluruh pemangku kepentingan di dalam ekosistem digital Indonesia memiliki cita-cita yang sama yaitu mendukung kemajuan industri telekomunikasi di Indonesia. Dari sisi industri mereka terus berupaya menghadirkan inovasi dan berbagi pengetahuan untuk mewujudkan penguatan konektivitas digital, sementara dari sisi pemerintah terus mencoba mengakomodasi kebutuhan masyarakat sekaligus ruang untuk para pelaku industri berinovasi. "" Opportunity for improvement untuk pelaku industri besar sekali, dan kita tidak terlepas dari competitiveness di regional maupun di global,"" kata Theodorus Wintoko.",2026-10-05 01:48:23
"PGE pacu potensi pemanfaatan panas bumi untuk ""green data center""",2026-08-04,PT Pertamina Geothermal Energy (PGE) siap mengakselerasi potensi pemanfaatan energi panas bumi (geothermal) dalam ...,https://www.antaranews.com/berita/5679309/pge-pacu-potensi-pemanfaatan-panas-bumi-untuk-green-data-center,https://img.antaranews.com/cache/1200x800/2026/08/04/IMG_0376.jpeg,ANTARA,Data Center di Indonesia,Data Center & Cloud,Energy,Relevant,4,"Jakarta (ANTARA) - PT Pertamina Geothermal Energy (PGE) siap mengakselerasi potensi pemanfaatan energi panas bumi ( geothermal ) dalam pengembangan pusat data hijau ( green data center ) di Indonesia. “Kita sedang berupaya, ini salah satu upaya kita bagaimana mengakselerasi potensi-potensi panas bumi. Jadi bukan kita terjun ke bisnis data center, tapi kita support di sisi energinya,” kata Direktur Utama PGE Ahmad Yani saat ditemui di sela temu media di Jakarta, Selasa. Pengembangan data center berbasis panas bumi, lanjut dia, merupakan langkah strategis untuk menghadirkan infrastruktur digital yang efisien, andal, dan beremisi rendah, sekaligus memperkuat posisi Indonesia dalam ekonomi digital global. Melalui inisiatif ini, PGE mengambil peran lebih besar dalam memastikan percepatan transformasi digital nasional berjalan selaras dengan komitmen menuju ekonomi rendah karbon. “Energi (panas bumi) yang bersih yang bisa kita manfaatkan untuk pengembangan data center, untuk support data center . Kita sudah tahu bahwasannya, geothermal itu baseload green energy, ini kan sangat bisa jalan dengan bisnis data center ke depan, yang fokus kepada green (energy) ,” ujar Ahmad Yani. Mengutip catatan PGE, berdasarkan proyeksi pertumbuhan konsumsi kelistrikan di industri, hampir 26 persen didorong oleh pertumbuhan data center. Kapasitas data center nasional diproyeksikan naik dari 520 megawatt (MW) pada 2025 menjadi 1,8 gigawatt (GW) pada 2030. Hal ini pun membuka peluang bagi PGE untuk terlibat lebih jauh dalam sektor digital rendah karbon dan memastikan bahwa pertumbuhan digital Indonesia dibangun dengan bertanggung jawab serta berkelanjutan. Di sisi lain, Ahmad Yani mengatakan perusahaan terbuka untuk berdiskusi dengan para pelaku di sektor pusat data yang tertarik dengan potensi pemanfaatan panas bumi dan pembangunan ekosistem pusat data hijau. “Kita terbuka, semua perusahaan-perusahaan data center yang suka green pasti ada bertemu dengan kita. Semua perusahaan yang ada, kita terbuka untuk melakukan kerja sama, peluang-peluang. Kita akan juga (membahas) bagaimana kita membangun ekosistem,” kata Ahmad Yani. “Kita meyakinkan para pihak, green baseload energy , kita bisa support , sehingga dengan demikian, akan terbentuk ekosistem. Kita buat ekosistem data center yang bisa support green energy dari geothermal ,” ujarnya menambahkan.",2026-10-05 01:48:23
"Kemarin, pembelian saham oleh Danantara hingga peluang investasi di RI",2026-07-24,"Berita seputar isu ekonomi kemarin, masih menarik untuk disimak pada hari ini, Jumat. Seperti pembelian saham oleh ...",https://www.antaranews.com/berita/5663611/kemarin-pembelian-saham-oleh-danantara-hingga-peluang-investasi-di-ri,https://img.antaranews.com/cache/1200x800/2026/07/23/WhatsApp-Image-2026-07-23-at-16.16.08.jpeg,ANTARA,Data Center di Indonesia,Data Center & Cloud,Investment,Relevant,3,"Jakarta (ANTARA) - Berita seputar isu ekonomi kemarin, masih menarik untuk disimak pada hari ini, Jumat. Seperti pembelian saham oleh Danantara hingga peluang investasi pusat data ( data center ) di Indonesia. Berikut ikhtisar beritanya: Danantara ambil alih 4 manajer investasi BUMN total AUM Rp170 triliun Danantara Indonesia melalui PT Danantara Asset Management (DAM) resmi menandatangani Share Purchase Agreement (SPA) atau Perjanjian Pembelian Saham atas saham PT Mandiri Manajemen Investasi (MMI), PT BRI Manajemen Investasi (BRI MI), PT BNI Asset Management (BNI AM), dan PT PNM Investment Management (PNM IM). Penandatanganan menandai beralihnya pengendalian empat perusahaan manajer investasi BUMN kepada DAM, yang secara kolektif mencatatkan dana kelolaan atau Asset Under Management (AUM) lebih dari Rp170 triliun per Juni 2026. Baca selengkapnya Laba konsolidasi Bank Mandiri Rp30,4 T per Juni, tumbuh 24,4 persen PT Bank Mandiri (Persero) Tbk (kode saham: BMRI) membukukan laba bersih konsolidasi sebesar Rp30,4 triliun per akhir Juni 2026 atau tumbuh 24,4 persen secara tahunan (year on year/yoy). Adapun laba bersih secara bank only tercatat sebesar Rp28,5 triliun per akhir Juni 2026, tumbuh 25 persen (yoy) dari periode yang sama tahun sebelumnya yang sebesar Rp22,8 triliun. Baca selengkapnya Purbaya sebut Panda Bond bantu kurangi ketergantungan dolar Menteri Keuangan Purbaya Yudhi Sadewa menyebut penerbitan Panda Bond senilai sekitar 1 miliar dolar AS menjadi bagian dari strategi pemerintah untuk mendiversifikasi sumber pendanaan sekaligus mengurangi ketergantungan terhadap dolar AS. ""Ini kan diversifikasi sumber pendanaan kita. Kan sebelumnya kalau global hanya dolar, kita diversifikasi ke Jepang maupun ke Australia, dan di China,"" kata Purbaya di Kompleks Istana Kepresidenan, Jakarta, Kamis. Baca selengkapnya Kemenperin minta industri kooperatif sukseskan Sensus Ekonomi Kementerian Perindustrian (Kemenperin) meminta pelaku industri untuk bersikap kooperatif dalam mendukung pelaksanaan Sensus Ekonomi 2026 yang diselenggarakan oleh Badan Pusat Statistik (BPS). Kemenperin menilai keterbukaan industri dalam memberikan data yang valid dan akurat menjadi fondasi penting dalam penyusunan kebijakan yang optimal bagi industri nasional. Baca selengkapnya RI tawarkan peluang investasi data center kepada pelaku usaha China Kementerian Investasi dan Hilirisasi/Badan Koordinasi Penanaman Modal (BKPM) menawarkan peluang investasi pusat data (data center) di Indonesia kepada investor China dalam forum bisnis Indonesia-China Partnership Forum di Jakarta, Kamis. Deputi Bidang Pelayanan Penanaman Modal Kementerian Investasi dan Hilirisasi/BKPM Andi Maulana mengatakan perkembangan data center menjadi salah satu peluang investasi yang menjanjikan karena didukung pertumbuhan ekonomi digital Indonesia yang termasuk tercepat di Asia Tenggara. Baca selengkapnya",2026-10-05 01:48:23
RI tawarkan peluang investasi data center kepada pelaku usaha China,2026-07-23,Kementerian Investasi dan Hilirisasi/Badan Koordinasi Penanaman Modal (BKPM) menawarkan peluang investasi pusat data ...,https://www.antaranews.com/berita/5662517/ri-tawarkan-peluang-investasi-data-center-kepada-pelaku-usaha-china,https://img.antaranews.com/cache/1200x800/2026/07/23/IMG_0387_1.jpeg,ANTARA,Data Center di Indonesia,Data Center & Cloud,Investment,Relevant,3,"Jakarta (ANTARA) - Kementerian Investasi dan Hilirisasi/Badan Koordinasi Penanaman Modal (BKPM) menawarkan peluang investasi pusat data ( data center ) di Indonesia kepada investor China dalam forum bisnis Indonesia-China Partnership Forum di Jakarta, Kamis. Deputi Bidang Pelayanan Penanaman Modal Kementerian Investasi dan Hilirisasi/BKPM Andi Maulana mengatakan perkembangan data center menjadi salah satu peluang investasi yang menjanjikan karena didukung pertumbuhan ekonomi digital Indonesia yang termasuk tercepat di Asia Tenggara. “Perkembangan data center atau pusat data menjadi salah satu peluang investasi yang sangat menjanjikan,” kata Andi dalam forum bisnis yang dihadiri oleh perwakilan dari 27 perusahaan China itu. Berdasarkan paparan BKPM yang mengutip Mordor Intelligence, nilai pasar data center Indonesia mencapai sekitar 1,44 miliar dolar AS pada 2025 dan diperkirakan meningkat menjadi 1,83 miliar dolar AS pada 2026. Nilai tersebut diproyeksikan terus tumbuh menjadi 3,48 miliar dolar AS pada 2031 dengan laju pertumbuhan tahunan majemuk ( compound annual growth rate/ CAGR) sebesar 13,71 persen. Sementara itu, nilai pasar data center global diperkirakan meningkat dari 386,71 miliar dolar AS pada 2025 menjadi 684,39 miliar dolar AS pada 2031. Andi mengatakan prospek tersebut sejalan dengan pertumbuhan ekonomi digital Indonesia yang diproyeksikan memiliki nilai gross merchandise value (GMV) sebesar 180 miliar dolar AS hingga 340 miliar dolar AS pada 2030. Menurut dia, ekonomi digital tidak lagi sekadar menjadi sektor pendukung, melainkan telah berkembang menjadi salah satu pilar utama pertumbuhan ekonomi nasional yang mendorong transformasi di berbagai sektor.",2026-10-05 01:48:23
"Populer, Jampidsus mundur dan Presiden minta pejabat introspeksi diri",2026-07-11,"Tim Antara merangkum sejumlah berita unggulan yang sayang dilewatkan pada Sabtu, mulai dari Jaksa Agung Muda Tindak ...",https://www.antaranews.com/berita/5645076/populer-jampidsus-mundur-dan-presiden-minta-pejabat-introspeksi-diri,https://img.antaranews.com/cache/1200x800/2026/07/10/Konferensi-pers-Jampidsus-100726-Ada-10.jpg,ANTARA,Data Center di Indonesia,Data Center & Cloud,Investment,Relevant,2,"Jakarta (ANTARA) - Tim Antara merangkum sejumlah berita unggulan yang sayang dilewatkan pada Sabtu, mulai dari Jaksa Agung Muda Tindak Pidana Khusus (Jampidsus) Febrie Adriansyah mengundurkan diri hingga Presiden Prabowo minta pejabat militer, polisi dan jaksa introspeksi diri. Berikut daftar beritanya: 1. Jaksa Agung terima pengunduran diri Jampidsus Febrie Adriansyah Jaksa Agung RI Sanitiar Burhanuddin menerima surat pengunduran diri Febrie Adriansyah dari jabatannya sebagai Jaksa Agung Muda Tindak Pidana Khusus (Jampidsus). Menurut Kepala Pusat Penerangan Hukum (Kapuspenkum) Kejaksaan Agung Anang Supriatna, pengunduran diri Febrie disebut berkaitan dengan proses hukum yang saat ini sedang ditangani penyidik Polri. Selengkapnya di sini. 2. Prabowo minta pejabat militer, polisi dan jaksa introspeksi diri Presiden Prabowo Subianto meminta seluruh unsur aparatur negara, mulai dari birokrat, pejabat militer, kepolisian, hingga kejaksaan untuk melakukan introspeksi dalam menjalankan tugas dan tanggung jawab kepada rakyat. Baca beritanya di sini. 3. Airlangga ungkap minat investor bangun data center 1,3 GW di RI Menteri Koordinator Bidang Perekonomian Airlangga Hartarto mengungkapkan sejumlah investor berminat membangun pusat data (data center) di Indonesia dengan total kapasitas mencapai 1,3 gigawatt (GW). Baca di sini. 4. LPDP harus prioritaskan mahasiswa berprestasi dari keluarga tak mampu Anggota Komisi E DPRD DKI Jakarta Farah Savira meminta pemerintah provinsi memastikan program beasiswa Lembaga Pengelola Dana Pendidikan (LPDP) DKI memprioritaskan mahasiswa berprestasi dari keluarga kurang mampu. Selengkapnya di sini. 5. Indonesia kantongi kemenangan di laga pembuka Piala AFF Putri 2026 Tim nasional sepak bola putri Indonesia mengantongi kemenangan dengan skor 2-0 atas Timor Leste dalam laga pembuka Grup B Piala AFF Putri 2026 di Stadion Kuala Lumpur, Malaysia. Baca di sini.",2026-10-05 01:48:25
"Airlangga ungkap minat investor bangun data center 1,3 GW di RI",2026-07-10,Menteri Koordinator Bidang Perekonomian Airlangga Hartarto mengungkapkan sejumlah investor berminat membangun pusat ...,https://www.antaranews.com/berita/5644769/airlangga-ungkap-minat-investor-bangun-data-center-13-gw-di-ri,https://img.antaranews.com/cache/1200x800/2026/07/11/a3043d1b-d1c4-4fcd-99e7-ecf5d9504ac4.jpg,ANTARA,Data Center di Indonesia,Data Center & Cloud,Investment,Relevant,3,"Jakarta (ANTARA) - Menteri Koordinator Bidang Perekonomian Airlangga Hartarto mengungkapkan sejumlah investor berminat membangun pusat data (data center) di Indonesia dengan total kapasitas mencapai 1,3 gigawatt (GW). Saat ini, kapasitas data center yang telah beroperasi di Indonesia baru sekitar 580 megawatt (MW). Menurut dia, tambahan investasi untuk proyek tersebut diperkirakan bisa mencapai 15 miliar dolar AS hingga 20 miliar dolar AS. ""Yang sudah itu 580 MW, itu mungkin setara 1 juta dolar AS per MW. Nah, kemudian kalau tambahan lagi sekitar 1,3 GW. Ya ini yang sekarang di Batam itu juga investasinya sekitar 15-20 miliar dolar AS yang sudah on the pipeline ,"" ujar Airlangga di Jakarta, Jumat. Ia mengatakan salah satu calon investornya adalah raksasa teknologi asal AS, Nvidia yang akan bekerja sama dengan mitra dari Australia. ""Kemudian ada yang direct perusahaan Telkom sendiri akan invest , kemudian di Karawang ini juga hampir seluruh Big Tech itu akan mengembangkan ekspansi daripada data center , karena sekarang data center ini sangat menjadi kunci untuk AI yang mengandalkan kepada quantum computing ,"" jelasnya. Di sisi lain, pemerintah juga menyiapkan pengembangan sumber daya manusia (SDM) untuk mendukung pertumbuhan industri digital. Pemerintah telah menjalin kerja sama dengan perusahaan semikonduktor asal Inggris, Arm Ltd., guna memperkuat sektor hulu industri digital. Melalui kerja sama tersebut, pemerintah menargetkan sekitar 15 ribu insinyur ( engineer ) dapat bergabung dalam ekosistem Arm. ""Ini betul-betul membutuhkan SDM baru. Dan SDM baru ini kemarin kita sudah kerja sama dengan Arm chips. Arm ini juga jadi mitra dari Nvidia. Kita ambil yang paling hulu. Jadi ada kebijakan kita downstreaming mineral tapi ada kebijakan dari digital yang kita naik ke upstream. Diharapkan dengan upstream itu nanti kita turun lagi ke downstream. Tetapi kuncinya ini seluruhnya adalah SDM,"" katanya.",2026-10-05 01:48:25
PLN siap suplai listrik untuk dukung industri 'data center' nasional,2026-06-02,"PT PLN (Persero) menyatakan siap untuk menyuplai listrik guna mendukung industri data center, salah satunya melalui ...",https://www.antaranews.com/berita/5591028/pln-siap-suplai-listrik-untuk-dukung-industri-data-center-nasional,https://img.antaranews.com/cache/1200x800/2026/06/02/WhatsApp-Image-2026-06-02-at-12.19.54_1.jpeg,ANTARA,Data Center di Indonesia,Data Center & Cloud,Infrastructure,Relevant,3,"Jakarta (ANTARA) - PT PLN (Persero) menyatakan siap untuk menyuplai listrik guna mendukung industri data center , salah satunya melalui kerja sama strategis dengan PT Starone Mitra Telekomunikasi (BDx Data Centers). “Pertumbuhan industri data center di Indonesia, khususnya yang berbasis AI, membutuhkan dukungan listrik yang tidak hanya besar secara kapasitas, tetapi juga andal dan stabil,” ujar Direktur Retail dan Niaga PLN Adi Priyanto dalam keterangan resminya yang dikonfirmasi ANTARA dari Jakarta, Selasa. Kerja sama strategis antara PLN dengan BDx Data Centers mencakup pengembangan infrastruktur kelistrikan berkapasitas total 1,2 gigawatt (GW) untuk kawasan pusat data ( data center ) berbasis akal imitasi (AI) dan layanan digital di Indonesia. PLN akan memasok listrik sebesar 788 MVA untuk site CGK4 di Jatiluhur, Jawa Barat pada tahap awal, kemudian dilanjutkan dengan penguatan kapasitas kelistrikan sebesar 60 MVA untuk site CGK3A di Jakarta Selatan dan pengembangan jaringan tegangan tinggi sebesar 385 MVA untuk site CGK5 di Suryacipta, Jawa Barat. “Kami memahami bahwa kepastian energi adalah jantung dari infrastruktur digital ini. Karena itu, PLN siap memastikan BDx Indonesia dapat berekspansi secara optimal,” ucap Adi. Penyaluran daya untuk site CGK4 direncanakan dilakukan secara bertahap dalam tiga fase, yakni Tahap I sebesar 2 x 150 MVA, Tahap II meningkat menjadi 2 x 265 MVA, hingga mencapai kapasitas akhir Tahap III sebesar 2 x 380 MVA. Untuk mendukung keandalan pasokan, PLN juga membangun Gardu Induk (GI) 150 kilovolt (kV) Jatiluhur Baru yang akan memasok listrik ke kawasan data center BDx. “PLN juga telah menyiapkan dua line bay khusus pada Gardu Induk tersebut untuk melayani kebutuhan kelistrikan Site CGK4 secara optimal,” kata Adi. Lebih lanjut, Adi menjelaskan bahwa sinergi antara PLN dan BDx Indonesia merupakan kemitraan jangka panjang yang signifikan bagi pertumbuhan ekonomi nasional. Tidak hanya Site CGK4, dalam kesepakatan ini PLN juga telah dipercaya mengamankan pasokan daya untuk fasilitas utama BDx Indonesia lainnya, yakni Site CGK3A di Cilandak, Jakarta Selatan, serta Site CGK5 di kawasan industri Suryacipta. “Sinergi ini bukan sekadar jual beli listrik, melainkan kolaborasi strategis untuk mendorong pertumbuhan ekonomi nasional melalui investasi di sektor teknologi tinggi. PLN terus bertransformasi menjadi mitra andal bagi seluruh investor digital di tanah air,” kata Adi. CEO BDx Indonesia Agus Hartono Wijaya menyampaikan apresiasi kepada PLN atas pelayanan yang optimal dalam mendukung operasional infrastruktur pusat data yang identik dengan komputasi berperforma tinggi. “Kami menyampaikan apresiasi setinggi-tingginya kepada PLN yang selama ini telah menjadi mitra strategis dalam mendukung keandalan operasional fasilitas data center milik BDx Indonesia,” ujar Agus. Menurut dia, keandalan sistem kelistrikan dan kesiapan infrastruktur PLN memberikan kepastian bagi BDx dalam menjalankan pengembangan kapasitas pusat data secara berkelanjutan di Indonesia.",2026-10-05 01:48:25
Liquid cooling jadi solusi utama data center Indonesia di era AI ‎,2026-05-20,‎Kebutuhan data center di Indonesia melonjak drastis seiring pesatnya perkembangan kecerdasan buatan (AI) dan cloud ...,https://www.antaranews.com/berita/5575080/liquid-cooling-jadi-solusi-utama-data-center-indonesia-di-era-ai,https://img.antaranews.com/cache/1200x800/2026/05/20/WhatsApp-Image-2026-05-20-at-2.36.53-PM.jpeg,ANTARA,Data Center di Indonesia,Data Center & Cloud,Investment,Relevant,4,"Jakarta (ANTARA) - ‎Kebutuhan data center di Indonesia melonjak drastis seiring pesatnya perkembangan kecerdasan buatan (AI) dan cloud computing, mendorong industri beralih dari teknologi pendingin berbasis udara ke liquid cooling sebagai solusi infrastruktur masa depan. ‎‎""Semua data center itu sudah mengarah ke AI data center. Artinya hampir semua data center akan berubah infrastrukturnya dari yang tadinya air cooled sekarang jadi liquid cooled,"" kata Business VP Data Center Schneider Electric Indonesia Ellya Cen dalam Media Masterclass bertema Liquid Cooling & Next-Gen Data Center Infrastructure di Jakarta, Rabu. ‎‎Pergeseran itu tak lepas dari lonjakan kebutuhan daya komputasi yang luar biasa. Kebutuhan daya per rak server terus meningkat drastis seiring hadirnya chip-chip AI generasi terbaru yang semakin padat dan panas. ‎‎""Yang tadinya 3 kilowatt jadi 120 kilowatt. Dan tahun ini kuartal ketiga akan keluar Rubin server, satu raknya itu 600 kilowatt,"" kata Ketua IDPRO Hendra Suryakusuma. ‎‎Lonjakan panas itulah yang membuat pendingin udara konvensional tidak lagi memadai, 70 persen panas di data center bersumber dari server, sehingga mendinginkan seluruh ruangan menjadi cara yang tidak efisien. ‎‎Liquid cooling bekerja dengan mengalirkan campuran air dan glikol langsung ke chip server melalui sistem yang dikenal sebagai direct to chip. Dengan kapasitas hingga 2,3 megawatt per unit, teknologi ini jauh melampaui pendingin udara konvensional yang paling besar hanya mampu menangani 500 kilowatt. ‎‎""Liquid cooling ini menjadi sesuatu yang sangat penting, karena untuk load per rak itu sudah luar biasa meningkat dibandingkan zaman dahulu yang mungkin cuma 13 kilowatt, sekarang sudah lebih dari 130 bahkan nanti mau lebih lagi,"" ujar Ellya. ‎‎Pertumbuhan industri data center Indonesia sendiri mencerminkan besarnya kebutuhan tersebut. IDPRO yang berdiri pada 2016 hanya mengelola 32 megawatt dari 5 anggota, kini telah berkembang menjadi 21 anggota dengan kapasitas operasional sekitar 520 megawatt. ‎‎Secara nasional, total kapasitas terpasang Indonesia sudah melampaui 600 megawatt dan diproyeksikan mencapai 1,6 gigawatt pada akhir 2026. Potensi ini didukung oleh proyeksi internet economy Indonesia yang diperkirakan mencapai 350 miliar dolar pada 2030, menjadikannya yang terbesar di Asia Tenggara. ‎‎Derasnya investasi global turut mendorong ekspansi ini. Posisi geopolitik Indonesia yang stabil membuat banyak investor mengalihkan perhatian ke Indonesia, termasuk sejumlah pemain besar yang menaikkan komitmen investasinya secara signifikan. IDPRO sendiri aktif terlibat dalam pembentukan white paper AI dan green data center sebagai upaya menyiapkan standar industri menghadapi pesatnya pembangunan data center berbasis AI ke depan. ‎‎Di tengah pesatnya pertumbuhan itu, Schneider Electric menegaskan kesiapannya dengan mengakuisisi Motivair, merek liquid cooling asal Amerika Serikat yang mensuplai pendingin untuk 6 dari 10 superkomputer tercepat di dunia. ‎‎Perusahaan mengklaim 95 persen kebutuhan hyperscale data center dapat disuplai penuh, mulai dari sistem kelistrikan, mekanikal, perangkat lunak, hingga liquid cooling, termasuk ketersediaan engineer lokal yang telah tersertifikasi.",2026-10-05 01:48:25
Kemkomdigi jadikan AI dan 5G akselerator Indonesia Emas 2045,2026-04-29,Kementerian Komunikasi dan Digital (Kemkomdigi) menyebutkan kecerdasan artifisial (Artificial Intelligence) dan ...,https://www.antaranews.com/berita/5547420/kemkomdigi-jadikan-ai-dan-5g-akselerator-indonesia-emas-2045,https://img.antaranews.com/cache/1200x800/2026/04/29/IMG-20260429-WA0039.jpg,ANTARA,Data Center di Indonesia,Data Center & Cloud,Infrastructure,Relevant,2,"Jakarta (ANTARA) - Kementerian Komunikasi dan Digital (Kemkomdigi) menyebutkan kecerdasan artifisial (Artificial Intelligence) dan konektivitas 5G merupakan akselerator transformasi digital yang pertumbuhannya harus dijaga untuk mewujudkan Visi Indonesia Emas 2045. Direktur Jenderal Infrastruktur Digital Kemkomdigi Wayan Toni Supriyanto mengatakan agar efektif berperan sebagai akselerator, AI dan 5G harus terintegrasi sehingga akses terhadap teknologi terbarukan menjadi lebih terbuka dan memudahkan terciptanya inovasi sebagai solusi negara. ""Integrasi antara 5G dan AI akan melahirkan berbagai model bisnis baru dan mempercepat transformasi digital di sektor publik maupun industri,"" kata Wayan dalam forum diskusi di Jakarta, Rabu. Wayan mengatakan bahwa konektivitas 5G di era serba digital ini adalah fondasi utama agar teknologi-teknologi lain dapat berkembang. Sejak teknologi ini dikenalkan ke publik, masyarakat mengenal layanan komunikasi berkecepatan tinggi, latensinya rendah, dan sejak kehadirannya beragam inovasi digital baru tumbuh. Beberapa inovasi yang dimaksud di antaranya bahkan menjadi solusi penting di banyak negara seperti industri 4.0, layanan kesehatan digital, hingga kota cerdas. Sementara untuk AI, popularitasnya di tengah masyarakat global memang baru berkembang di beberapa tahun terakhir namun teknologi ini terbukti mampu mengelola data sebagai dasar pengambilan keputusan, meningkatkan efisiensi kerja, dan menciptakan solusi nyata khususnya ekosistem digital. Maka dari itu, sebagai strategi jangka panjang dalam infrastruktur digital ke depannya Kemkomdigi bakal membuat kedua teknologi ini mendapatkan porsi pembangunan yang lebih optimal secara nasional. Untuk memperluas jangkauan 5G, Kemkomdigi bakal menata dan mengoptimalisasi spektrum frekuensi dengan lebih baik agar konektivitas internet cepat bisa semakin merata. Kemkomdigi juga berencana memperkuat tata kelola ekosistem pusat data (data center) di Indonesia dengan memastikan para pelaku industri tetap menjaga kedaulatan data nasional. ""Data center bukan lagi sekedar fasilitas penyimpanan data, tetapi telah menjadi tulang punggung ekonomi digital dan fondasi utama bagi pengembangan AI,"" katanya. Tidak berhenti pada pembangunan infrastruktur ke depan, Kemkomdigi juga bakal mendukung penciptaan sumber daya manusia (SDM) unggul untuk menjadi talenta digital. Menurut Wayan, talenta digital yang disiapkan saat ini bukan lagi terbatas pada kemampuan dapat menggunakan teknologi tapi juga mampu menciptakan inovasi khususnya di bidang AI, data, dan jaringan digital. ""Pemerintah melalui Komdigi terus mendorong berbagai program pengembangan talenta digital melalui pelatihan, reskilling, dan kolaborasi dengan industri, serta institusi pendidikan, Target kita jelas. Indonesia tidak hanya menjadi pengguna teknologi, tapi juga menjadi produsen inovasi digital yang kompetitif di tingkat global,"" kata Wayan. Harapannya ketika langkah-langkah tersebut dikerjakan secara efektif, Indonesia nantinya tidak hanya akan menjadi pasar digital yang besar tapi juga menjadi pemain utama dalam ekosistem digital global. Hal ini sejalan dengan Visi Indonesia Emas 2045 yang mencita-citakan Indonesia sebagai negara maju dengan ekonomi yang kuat, inklusif, serta berkelanjutan.",2026-10-05 01:48:25
RI dorong KEK sebagai salah satu penunjang pertumbuhan ekonomi baru,2026-04-28,Pemerintah mendorong Kawasan Ekonomi Khusus (KEK) sebagai salah satu penunjang pertumbuhan ekonomi yang baru.        ...,https://www.antaranews.com/berita/5545791/ri-dorong-kek-sebagai-salah-satu-penunjang-pertumbuhan-ekonomi-baru,https://img.antaranews.com/cache/1200x800/2026/04/28/IMG_0231.jpeg,ANTARA,Data Center di Indonesia,Data Center & Cloud,Infrastructure,Relevant,3,"Jakarta (ANTARA) - Pemerintah mendorong Kawasan Ekonomi Khusus (KEK) sebagai salah satu penunjang pertumbuhan ekonomi yang baru. Hal tersebut ditempuh melalui percepatan industrialisasi, peningkatan nilai tambah, dan penguatan struktur ekonomi di berbagai wilayah. “Setiap kementerian/lembaga diharapkan berperan aktif dalam meningkatkan potensi investasi yang masuk ke KEK, melalui upaya percepatan pembangunan infrastruktur wilayah, serta penyederhanaan dan percepatan perizinan berusaha,” kata Menteri Koordinator Bidang Perekonomian Airlangga Hartarto dalam keterangan resmi yang diterima di Jakarta, Selasa. Sebagaimana diketahui, realisasi pertumbuhan investasi di triwulan I 2026 mencapai Rp498,79 triliun atau tumbuh 7,22 persen secara tahunan (yoy). Disusul oleh penyerapan tenaga kerja sebanyak 706.569 orang atau naik 18,93 persen (yoy). Dari keseluruhan investasi, sektor hilirisasi tetap menjadi kontributor terbesar dengan angka 30 persen dari total investasi. Lebih lanjut, Airlangga mencontohkan kebutuhan adanya pusat data ( data center) di Indonesia dalam era kecerdasan artifisial (AI) dan quantum computing seperti sekarang ini. Terdapat dua lokasi KEK yang dapat menjadi landing point dalam pembangunan data center di Indonesia yaitu Batam dan Bitung. “Jadi data center ini adalah salah satu peluang. Oleh karena itu, kami minta kepada BUPP untuk terus memonitor, dan juga karena Pak Presiden Prabowo pernah mengatakan bahwa kita perlu fine tuning KEK-KEK yang sudah ada dengan fasilitasnya,” ujar Airlangga. “Kita akan lanjutkan KEK-KEK yang betul-betul bisa beroperasi penuh dalam waktu 3-4 tahun ke depan sehingga betul-betul menunjang pertumbuhan ekonomi,” katanya menjelaskan. Pada 23 April lalu, Kemenko Perekonomian telah melaksanakan High-Level Roundtable Discussion Link and Match Pelatihan dan Penempatan Tenaga Kerja di KEK bersama Menteri Ketenagakerjaan. Setiap BUPP didorong untuk mengoptimalkan kerja sama dengan Kementerian Ketenagakerjaan, khususnya dalam mengidentifikasi serta menyampaikan kebutuhan tenaga kerja di masing-masing KEK, untuk kemudian ditindaklanjuti dengan pelaksanaan pelatihan vokasi yang tepat sasaran. “Saya berharap hasil Rapat Kerja Nasional KEK yang akan berlangsung dalam dua hari ke depan ini dapat menuntaskan upaya debottlenecking berbagai isu yang saat ini dihadapi, sehingga pelaksanaan program dan kegiatan usaha di KEK dapat berjalan lebih optimal,” kata Menko Airlangga.",2026-10-05 01:48:25
PLN siap pasok 511 MVA listrik untuk data center di Indonesia,2026-04-27,PT PLN (Persero) siap memasok listrik dengan kapasitas sebesar 511 megavolt ampere (MVA) untuk proyek data center atau ...,https://www.antaranews.com/berita/5543737/pln-siap-pasok-511-mva-listrik-untuk-data-center-di-indonesia,https://img.antaranews.com/cache/1200x800/2026/04/27/WhatsApp-Image-2026-04-26-at-17.11.17.jpeg,ANTARA,Data Center di Indonesia,Data Center & Cloud,Infrastructure,Relevant,2,"Jakarta (ANTARA) - PT PLN (Persero) siap memasok listrik dengan kapasitas sebesar 511 megavolt ampere (MVA) untuk proyek data center atau pusat data global PT Digitalland Service One (DayOne) di kawasan industri Kabil Industrial Estate, Batam, Kepulauan Riau. “Listrik merupakan penggerak utama ekonomi. Dengan infrastruktur kelistrikan yang kuat dan andal tidak hanya menjaga keberlangsungan aktivitas industri, tetapi juga menciptakan iklim yang kondusif bagi investasi serta membuka lebih banyak lapangan kerja,” tutur Direktur Utama PLN Darmawan Prasodjo dalam keterangan resminya yang diterima di Jakarta, Senin. Darmawan menyampaikan penyediaan listrik yang andal dan terjangkau merupakan fondasi penting dalam mendorong keberlanjutan dan pertumbuhan industri. Langkah ini tidak hanya menghadirkan pasokan energi, tetapi juga menciptakan multiplier effect yang akan mendorong pertumbuhan ekonomi nasional. Komitmen tersebut tercermin melalui penandatanganan Perjanjian Jual Beli Tenaga Listrik (PJBTL) dengan kapasitas terbesar untuk data center di Indonesia hingga saat ini, yakni 511 megavolt ampere (MVA). Sejalan dengan itu, Direktur Utama PT PLN Batam Kwin Fo menyatakan bahwa sistem kelistrikan PLN Batam siap melayani pelanggan skala besar seperti DayOne. Kesiapan ini didukung oleh kecukupan pasokan, keandalan sistem, serta kualitas layanan yang terjaga. “Kami berharap kerja sama ini memberikan manfaat bagi semua pihak serta berkontribusi nyata terhadap pertumbuhan ekonomi daerah dan peningkatan iklim investasi di Batam. Kami berkomitmen menjaga keandalan pasokan dan kualitas layanan kelistrikan guna mendukung kebutuhan industri secara berkelanjutan,” kata Kwin Fo. Chief Executive Officer (CEO) DayOne Jamie Khoo menyatakan ekspansi perusahaan di wilayah Batam merupakan bagian dari strategi untuk memperluas kapasitas dan membangun platform infrastruktur digital regional di Asia. “Ekspansi ini menjadi tonggak penting dalam strategi kami untuk membangun salah satu platform infrastruktur digital terdepan di Asia. Pengembangan yang dilakukan secara berkelanjutan di Batam, mulai dari (kawasan industri) Nongsa hingga (kawasan industri) Kabil, mencerminkan semakin strategisnya peran Batam dalam ekosistem regional perusahaan,” kata Jamie. Ia menjelaskan bahwa hal ini juga menjadi bagian dari langkah perusahaan untuk pengembangan model Singapura, Johor, dan Riau (SIJORI) sebagai platform pusat data lintas negara yang terintegrasi di kawasan Asia Tenggara. “Seiring dengan perluasan pengembangan di Batam, kami terus meningkatkan kapasitas untuk menghadirkan layanan data center berskala besar dan berkinerja tinggi guna menjawab kebutuhan cloud dan komputasi canggih yang terus tumbuh di Asia Pasifik,” kata Jamie.",2026-10-05 01:48:25
DAMAC Digital hadirkan data center dukung RI jadi kekuatan digital,2026-03-13,Perusahaan infrastruktur digital global DAMAC Digital menghadirkan data center di Jakarta dalam rangka mendukung ...,https://www.antaranews.com/berita/5472734/damac-digital-hadirkan-data-center-dukung-ri-jadi-kekuatan-digital,https://img.antaranews.com/cache/1200x800/2026/03/13/683.jpg,ANTARA,Data Center di Indonesia,Data Center & Cloud,Infrastructure,Relevant,3,"Jakarta (ANTARA) - Perusahaan infrastruktur digital global DAMAC Digital menghadirkan data center di Jakarta dalam rangka mendukung Indonesia sebagai kekuatan digital baru Asia. Pendiri DAMAC Digital Hussain Sajwani mengatakan DAMAC Digital menunjukkan dukungannya untuk mewujudkan impian Indonesia menjadi kekuatan digital baru di Asia. Dukungan itu ditandai dengan dilakukannya proses tutup atap ( topping off) pada kuartal pertama 2026. “Fase pertama dijadwalkan selesai pada kuartal ketiga tahun 2026, sekaligus juga menjadi bukti kami memperkuat jejak portfolio DAMAC Digital di seluruh wilayah Asia Tenggara,” kata Hussain Sajwani dalam keterangannya di Jakarta, Jumat. Infrastruktur ini dirancang sebagai pusat data pertama di Indonesia dengan nama JKT01 – Jakarta Central. Bangunan yang didirikan dengan total nilai investasi sebesar 150 juta dolar AS (sekitar Rp 2,3 triliun) ini diharapkan sudah bisa dioperasionalisasikan pada tahun ini. Hussain Sajwani menjelaskan proses topping off pusat data JKT01 – Jakarta Central ini menjadi pencapaian penting terhadap rampungnya struktur utama bangunan yang berada di lokasi MT Haryono, Jakarta. Ia mengatakan proses yang telah dilakukan ini menjadi progres dari fase konstruksi yang signifikan dibangun hanya dalam waktu enam bulan sejak tahap groundbreaking pada Agustus 2025. Lebih lanjut dirinya menyampaikan topping off ini dapat juga dilihat sebagai salah satu keberhasilan dalam membangun struktur utama dan fondasi operasional data center di Jakarta. Momen ini, kata dia, menjadi bukti dedikasi dan kolaborasi tim dalam menghadirkan standar kualitas terbaik. Ia juga menegaskan komitmen untuk memastikan penyelesaian proyek ini terus berjalan lancar demi menghadirkan manfaat berkelanjutan dan memberikan nilai tambah bagi seluruh mitra bisnis dan pemangku kepentingan di Indonesia. “Milestone konstruksi ini menonjolkan keunggulan engineering dan strategi jangka panjang kami. Dengan infrastruktur yang scalable , kami siap mendukung tujuan Indonesia menjadi salah satu negara dengan kekuatan digital baru di Asia,” ujarnya. Hussain Sajwani juga menegaskan hadirnya proyek ini menjadi visi perusahaan untuk dapat memperkuat ekosistem ekonomi digital di Indonesia. “Kami senang melihat kemajuan pesat pembangunan ini yang berhasil rampung dalam waktu singkat guna memenuhi kebutuhan data center generasi terbaru,” katanya. Sebagaimana diketahui rencana pembangunan Jakarta Data Center (JKT-01) ini kali pertama diumumkan pada tahun 2024. Total nilai investasi yang dikucurkan sebesar 150 juta dolar AS (sekitar Rp 2,3 triliun). “Pemilihan lokasi di kawasan MT Haryono ini memiliki pertimbangan strategis bahwa daerah ini berada di dalam klaster pusat data yang paling terkoneksi dan bisa menjadi pusat hub data di wilayah Jakarta,” kata Hussain Sajwani. Bangunan JKT-01 ini hadir dengan fasilitas setinggi enam lantai yang berada di atas lahan dengan luas 3.600 meter persegi dan bangunan seluas 15.080 meter persegi. Nantinya Nantinya bangunan ini akan mendistribusikan daya sebesar 19.2 MW. “JKT-01 akan memiliki tiga ruang data ( data hall ) seluas masing-masing sekitar 760 meter persegi yang khusus dirancang untuk memberikan efisiensi energi, mendukung operasional berkelanjutan, dan selaras dengan standar global pusat data ramah lingkungan ( green data center ),” kata Hussain Sajwani. Dia menambahkan kehadiran JKT-01 diproyeksikan dapat menjawab permintaan yang terus meningkat dari Penyedia Layanan Cloud (CSP) dan penyebaran edge computing . Fase pertama dijadwalkan selesai pada kuartal ketiga tahun 2026. “Fase ini menjadi bukti terhadap jejak portfolio DAMAC Digital di seluruh wilayah Asia Tenggara, dan itu dimulai dari Jakarta,” ujarnya.",2026-10-05 01:48:25
Industri Data Center Indonesia Diprediksi Terus Tumbuh Seiring Lonjakan Pemanfaatan AI,2025-12-05,Jakarta (ANTARA) – Pasar industri pusat data (data center) di Indonesia diproyeksikan terus tumbuh pesat seiring ...,https://www.antaranews.com/berita/5289427/industri-data-center-indonesia-diprediksi-terus-tumbuh-seiring-lonjakan-pemanfaatan-ai,https://img.antaranews.com/cache/1200x800/2025/12/05/WhatsApp-Image-2025-12-05-at-19.54.38.jpeg,ANTARA,Data Center di Indonesia,Data Center & Cloud,Infrastructure,Relevant,2,"Jakarta (ANTARA) – Pasar industri pusat data ( data center ) di Indonesia diproyeksikan terus tumbuh pesat seiring meningkatnya penggunaan internet dan teknologi Artificial Intelligence (AI). Lonjakan tersebut mendorong kebutuhan terhadap infrastruktur penyimpanan data yang aman, andal, dan berkapasitas besar. Sekretaris Jenderal Asosiasi Pengusaha Teknologi Informasi dan Komunikasi Nasional (APTIKNAS), Fanky Christian, mengatakan bahwa perkembangan AI menjadi faktor pendorong utama meningkatnya permintaan data center di Indonesia. “Potensi pasar data center ini sangat besar. Apalagi dengan penggunaan AI yang semakin masif. AI telah men- trigger banyak hal, salah satunya kebutuhan data center,” ujar Fanky dalam diskusi DTC Summit 2025: Let’s Connect and Beyond di Jakarta, Selasa. Fanky menambahkan, biaya deployment data center untuk kebutuhan AI diperkirakan mencapai US$23,3 miliar pada 2024. Nilai tersebut disebut sebagai peluang investasi besar apabila masuk ke Indonesia. Indonesia dinilai berpotensi menjadi pemain utama industri data center di kawasan Asia Tenggara. Selain pertumbuhan ekonomi digital, regulasi seperti Undang-Undang Nomor 27 Tahun 2022 tentang Pelindungan Data Pribadi (UU PDP) serta Peraturan Pemerintah Nomor 71 Tahun 2019 dipandang mendukung pengembangan ekosistem tersebut. Menurut Fanky, regulasi yang kuat akan mengarah pada kedaulatan data, di mana pusat data harus berada di dalam negeri. Hal ini dinilai menjadi peluang besar bagi pengembangan infrastruktur, perangkat, dan sistem operasi yang mendukung data center lokal maupun global. “Ini tantangan sekaligus peluang, terutama dari sisi infrastruktur dan perangkat. Selain itu, regulasi juga harus mendukung, termasuk bagi industri lokal,” ujarnya. Presiden Direktur DTC Netconnect (PT Adhitya Mandiri Pratama), Conny Dewi Purnamawaty, menilai bahwa pusat data akan terus berkembang sejalan dengan kemajuan teknologi. Di era AI, pelaku industri harus menyiapkan data center yang mampu mendukung kebutuhan komputasi tinggi perusahaan. DTC Netconnect, perusahaan teknologi informasi asal Indonesia, telah mengembangkan produk DTC Smart Series sebagai solusi infrastruktur jaringan data center . Rangkaian produk ini meliputi Smart Rack System, Liquid Cooling System, Modular Smart Containment, Hot & Cold Containment , serta BISOFT: DCIM Monitoring System . Vice President DTC Netconnect, Endru Ariebowo, menjelaskan bahwa produk-produk DTC Smart Series telah digunakan di berbagai sektor, seperti industri kimia, perbankan dan jasa keuangan, perhotelan, serta perkantoran enterprise .",2026-10-05 01:48:25
Menko Airlangga gandeng Singapura dan Malaysia kembangkan data center,2025-11-20,Menteri Koordinator (Menko) Bidang Perekonomian RI Airlangga Hartarto menggandeng Singapura dan Malaysia untuk ...,https://www.antaranews.com/berita/5255233/menko-airlangga-gandeng-singapura-dan-malaysia-kembangkan-data-center,https://img.antaranews.com/cache/1200x800/2025/11/20/IMG_8260.jpg,ANTARA,Data Center di Indonesia,Data Center & Cloud,Energy,Relevant,2,"Jakarta (ANTARA) - Menteri Koordinator (Menko) Bidang Perekonomian RI Airlangga Hartarto menggandeng Singapura dan Malaysia untuk mengembangkan data center trilateral, untuk menjadi pasar dari Green Super Grid Indonesia. “Kami sedang membicarakan dengan Singapura dan Malaysia untuk mengembangkan data center trilateral di Indonesia, Singapura, dan Johor,” ujar Airlangga, di Jakarta, Kamis. Ia menilai terdapat potensi yang bisa dikolaborasikan bersama Singapura dan Malaysia ihwal pembangunan data center tersebut. Tujuannya, ujar Airlangga, adalah untuk berkembang bersama. Airlangga juga membidik data center trilateral tersebut sebagai pasar untuk Green Super Grid atau jaringan transmisi hijau. “Kita kan sudah punya MoU suplai energi bersih ke Singapura yang ditandatangani beberapa waktu lalu,” ujar Airlangga pula. Dalam kesempatan tersebut, Airlangga juga menyampaikan pembangunan Green Super Grid ditargetkan akan meliputi wilayah Sumatera hingga Nusa Tenggara. Green Super Grid tersebut diharapkan oleh Airlangga dapat terhubung dengan Kepulauan Riau, sehingga Green Super Grid sepanjang 70 ribu km dapat mendukung pengembangan data center regional. Saat ini, kata dia lagi, data center regional sedang dikembangkan di Batam, Kepulauan Riau. “Tentu akan kami expand ke Bintan,” kata dia. Sebelumnya, Kementerian Perencanaan Pembangunan Nasional (PPN)/Badan Perencanaan Pembangunan Nasional (Bappenas) memulai kolaborasi Studi Bersama (Joint Study) untuk pengembangan Green-Enabling Super Grid di Indonesia. Kesepakatan itu ditandai penandatanganan Pernyataan Bersama (Joint Statement) dengan Sumitomo Corporation, Kansai Electric Power Co Ltd, dan Summit Niaga Indonesia Inisiatif strategis tersebut bertujuan untuk memperkuat sistem ketenagalistrikan nasional, mempercepat integrasi energi terbarukan, dan mendukung pencapaian target Net Zero Emission (NZE) 2060.",2026-10-05 01:48:25
