title,published_date,summary,article_url,source,tag,scraped_at
IESR: Pemerintah perlu terbitkan regulasi terkait pusat data,2 Oktober 2026,Institute for Essential Services Reform (IESR) menyatakan pemerintah perlu mempercepat penerbitan regulasi terkait ...,https://www.antaranews.com/berita/5769233/iesr-pemerintah-perlu-terbitkan-regulasi-terkait-pusat-data,ANTARA,Data Center di Indonesia,2026-10-05 01:48:23
PLN Batam pastikan keandalan listrik dukung pertumbuhan data center,2 Oktober 2026,"PLN Batam, Kepulauan Riau (Kepri) memastikan kesiapan sistem kelistrikan untuk mendukung pertumbuhan industri data ...",https://www.antaranews.com/berita/5767905/pln-batam-pastikan-keandalan-listrik-dukung-pertumbuhan-data-center,ANTARA,Data Center di Indonesia,2026-10-05 01:48:23
Pengamat nilai Indonesia menjanjikan bagi investasi data center,29 September 2026,Managing Director Energy Shift Institute (ESI) Putra Adhiguna menilai Indonesia menjanjikan sebagai tujuan investasi ...,https://www.antaranews.com/berita/5763371/pengamat-nilai-indonesia-menjanjikan-bagi-investasi-data-center,ANTARA,Data Center di Indonesia,2026-10-05 01:48:23
Bahlil tawari investor manfaatkan pulau Indonesia untuk data center,22 September 2026,Menteri Energi dan Sumber Daya Mineral (ESDM) Bahlil Lahadalia menawari para investor untuk memanfaatkan pulau-pulau di ...,https://www.antaranews.com/berita/5752952/bahlil-tawari-investor-manfaatkan-pulau-indonesia-untuk-data-center,ANTARA,Data Center di Indonesia,2026-10-05 01:48:23
Pengamat: Infrastruktur digital harus hasilkan transfer teknologi,15 September 2026,Pengamat Telekomunikasi sekaligus Direktur Eksekutif Indonesia ICT Institute Heru Sutadi mengatakan pembangunan ...,https://www.antaranews.com/berita/5741245/pengamat-infrastruktur-digital-harus-hasilkan-transfer-teknologi,ANTARA,Data Center di Indonesia,2026-10-05 01:48:23
PGE siapkan pasokan listrik baseload untuk Green Data Center,4 September 2026,PT Pertamina Geothermal Energy Tbk (PGE) menyiapkan panas bumi sebagai sumber listrik baseload energi baru terbarukan ...,https://www.antaranews.com/berita/5726405/pge-siapkan-pasokan-listrik-baseload-untuk-green-data-center,ANTARA,Data Center di Indonesia,2026-10-05 01:48:23
ESDM harapkan hasil rekomendasi kebijakan dari IEE Series 2026,2 September 2026,Kementerian Energi dan Sumber Daya Mineral (ESDM) berharap Indonesia Energy & Engineering (IEE) Series ...,https://www.antaranews.com/berita/5723047/esdm-harapkan-hasil-rekomendasi-kebijakan-dari-iee-series-2026,ANTARA,Data Center di Indonesia,2026-10-05 01:48:23
Danantara siap perluas investasi pusat data seiring permintaan tinggi,27 Agustus 2026,Badan Pengelola Investasi (BPI) Danantara siap memperluas investasi di sektor pusat data (data center) seiring ...,https://www.antaranews.com/berita/5714187/danantara-siap-perluas-investasi-pusat-data-seiring-permintaan-tinggi,ANTARA,Data Center di Indonesia,2026-10-05 01:48:23
"Menkeu evaluasi dampak FTA, kaji potensi ekonomi dari sektor industri",20 Agustus 2026,Menteri Keuangan Purbaya Yudhi Sadewa mengevaluasi efek perjanjian perdagangan bebas atau Free Trade Agreement (FTA) ...,https://www.antaranews.com/berita/5703855/menkeu-evaluasi-dampak-fta-kaji-potensi-ekonomi-dari-sektor-industri,ANTARA,Data Center di Indonesia,2026-10-05 01:48:23
JLL: Indonesia berpeluang jadi pusat data center regional,18 Agustus 2026,Konsultan properti Jones Lang LaSalle atau JLL menilai Indonesia berpeluang menjadi tujuan investasi pusat data (data ...,https://www.antaranews.com/berita/5699703/jll-indonesia-berpeluang-jadi-pusat-data-center-regional,ANTARA,Data Center di Indonesia,2026-10-05 01:48:23
JLL: Kebutuhan lahan bangun pusat data di Indonesia terus meningkat,18 Agustus 2026,Kebutuhan lahan untuk pembangunan pusat data (data center) di Indonesia terus meningkat seiring dengan pesatnya ...,https://www.antaranews.com/berita/5699671/jll-kebutuhan-lahan-bangun-pusat-data-di-indonesia-terus-meningkat,ANTARA,Data Center di Indonesia,2026-10-05 01:48:23
DTI-CX wadah wujudkan konektivitas digital untuk Indonesia berdaulat,6 Agustus 2026,Para pelaku industri hingga perwakilan pemerintah menjadikan Digital Transformation Indonesia Conference & Expo ...,https://www.antaranews.com/berita/5682168/dti-cx-wadah-wujudkan-konektivitas-digital-untuk-indonesia-berdaulat,ANTARA,Data Center di Indonesia,2026-10-05 01:48:23
"PGE pacu potensi pemanfaatan panas bumi untuk ""green data center""",4 Agustus 2026,PT Pertamina Geothermal Energy (PGE) siap mengakselerasi potensi pemanfaatan energi panas bumi (geothermal) dalam ...,https://www.antaranews.com/berita/5679309/pge-pacu-potensi-pemanfaatan-panas-bumi-untuk-green-data-center,ANTARA,Data Center di Indonesia,2026-10-05 01:48:23
"Kemarin, pembelian saham oleh Danantara hingga peluang investasi di RI",24 Juli 2026,"Berita seputar isu ekonomi kemarin, masih menarik untuk disimak pada hari ini, Jumat. Seperti pembelian saham oleh ...",https://www.antaranews.com/berita/5663611/kemarin-pembelian-saham-oleh-danantara-hingga-peluang-investasi-di-ri,ANTARA,Data Center di Indonesia,2026-10-05 01:48:23
RI tawarkan peluang investasi data center kepada pelaku usaha China,23 Juli 2026,Kementerian Investasi dan Hilirisasi/Badan Koordinasi Penanaman Modal (BKPM) menawarkan peluang investasi pusat data ...,https://www.antaranews.com/berita/5662517/ri-tawarkan-peluang-investasi-data-center-kepada-pelaku-usaha-china,ANTARA,Data Center di Indonesia,2026-10-05 01:48:23
"Populer, Jampidsus mundur dan Presiden minta pejabat introspeksi diri",11 Juli 2026,"Tim Antara merangkum sejumlah berita unggulan yang sayang dilewatkan pada Sabtu, mulai dari Jaksa Agung Muda Tindak ...",https://www.antaranews.com/berita/5645076/populer-jampidsus-mundur-dan-presiden-minta-pejabat-introspeksi-diri,ANTARA,Data Center di Indonesia,2026-10-05 01:48:25
"Airlangga ungkap minat investor bangun data center 1,3 GW di RI",10 Juli 2026,Menteri Koordinator Bidang Perekonomian Airlangga Hartarto mengungkapkan sejumlah investor berminat membangun pusat ...,https://www.antaranews.com/berita/5644769/airlangga-ungkap-minat-investor-bangun-data-center-13-gw-di-ri,ANTARA,Data Center di Indonesia,2026-10-05 01:48:25
PLN siap suplai listrik untuk dukung industri 'data center' nasional,2 Juni 2026,"PT PLN (Persero) menyatakan siap untuk menyuplai listrik guna mendukung industri data center, salah satunya melalui ...",https://www.antaranews.com/berita/5591028/pln-siap-suplai-listrik-untuk-dukung-industri-data-center-nasional,ANTARA,Data Center di Indonesia,2026-10-05 01:48:25
Liquid cooling jadi solusi utama data center Indonesia di era AI ‎,20 Mei 2026,‎Kebutuhan data center di Indonesia melonjak drastis seiring pesatnya perkembangan kecerdasan buatan (AI) dan cloud ...,https://www.antaranews.com/berita/5575080/liquid-cooling-jadi-solusi-utama-data-center-indonesia-di-era-ai,ANTARA,Data Center di Indonesia,2026-10-05 01:48:25
Kemkomdigi jadikan AI dan 5G akselerator Indonesia Emas 2045,29 April 2026,Kementerian Komunikasi dan Digital (Kemkomdigi) menyebutkan kecerdasan artifisial (Artificial Intelligence) dan ...,https://www.antaranews.com/berita/5547420/kemkomdigi-jadikan-ai-dan-5g-akselerator-indonesia-emas-2045,ANTARA,Data Center di Indonesia,2026-10-05 01:48:25
RI dorong KEK sebagai salah satu penunjang pertumbuhan ekonomi baru,28 April 2026,Pemerintah mendorong Kawasan Ekonomi Khusus (KEK) sebagai salah satu penunjang pertumbuhan ekonomi yang baru.        ...,https://www.antaranews.com/berita/5545791/ri-dorong-kek-sebagai-salah-satu-penunjang-pertumbuhan-ekonomi-baru,ANTARA,Data Center di Indonesia,2026-10-05 01:48:25
PLN siap pasok 511 MVA listrik untuk data center di Indonesia,27 April 2026,PT PLN (Persero) siap memasok listrik dengan kapasitas sebesar 511 megavolt ampere (MVA) untuk proyek data center atau ...,https://www.antaranews.com/berita/5543737/pln-siap-pasok-511-mva-listrik-untuk-data-center-di-indonesia,ANTARA,Data Center di Indonesia,2026-10-05 01:48:25
DAMAC Digital hadirkan data center dukung RI jadi kekuatan digital,13 Maret 2026,Perusahaan infrastruktur digital global DAMAC Digital menghadirkan data center di Jakarta dalam rangka mendukung ...,https://www.antaranews.com/berita/5472734/damac-digital-hadirkan-data-center-dukung-ri-jadi-kekuatan-digital,ANTARA,Data Center di Indonesia,2026-10-05 01:48:25
Industri Data Center Indonesia Diprediksi Terus Tumbuh Seiring Lonjakan Pemanfaatan AI,5 Desember 2025,Jakarta (ANTARA) – Pasar industri pusat data (data center) di Indonesia diproyeksikan terus tumbuh pesat seiring ...,https://www.antaranews.com/berita/5289427/industri-data-center-indonesia-diprediksi-terus-tumbuh-seiring-lonjakan-pemanfaatan-ai,ANTARA,Data Center di Indonesia,2026-10-05 01:48:25
Menko Airlangga gandeng Singapura dan Malaysia kembangkan data center,20 November 2025,Menteri Koordinator (Menko) Bidang Perekonomian RI Airlangga Hartarto menggandeng Singapura dan Malaysia untuk ...,https://www.antaranews.com/berita/5255233/menko-airlangga-gandeng-singapura-dan-malaysia-kembangkan-data-center,ANTARA,Data Center di Indonesia,2026-10-05 01:48:25
IEE Series 2025 dorong transformasi industri berkelanjutan,16 September 2025,Indonesia Energy & Engineering (IEE) Series 2025 resmi dibuka di JIExpo Kemayoran dengan mengusung tema ...,https://www.antaranews.com/berita/5111437/iee-series-2025-dorong-transformasi-industri-berkelanjutan,ANTARA,Data Center di Indonesia,2026-10-05 01:48:25
Iklim investasi dan insentif dorong pertumbuhan industri pusat data,29 Agustus 2025,Direktur Kebijakan dan Strategi Infrastruktur Digital Kementerian Komunikasi dan Digital Denny Setiawan menilai ...,https://www.antaranews.com/berita/5074293/iklim-investasi-dan-insentif-dorong-pertumbuhan-industri-pusat-data,ANTARA,Data Center di Indonesia,2026-10-05 01:48:25
Transparansi data dan kedaulatan digital,7 Agustus 2025,"Pada Juli 2025, dunia digital Indonesia diguncang oleh pengumuman kesepakatan dagang antara Amerika Serikat dan ...",https://www.antaranews.com/berita/5022625/transparansi-data-dan-kedaulatan-digital,ANTARA,Data Center di Indonesia,2026-10-05 01:48:25
"IEE Series 2025, momentum kuatkan keamanan dan manajemen data",31 Juli 2025,Indonesia Energy & Engineering Series (IEE Series) 2025 dinilai sebagai momentum untuk menguatkan manajemen data di ...,https://www.antaranews.com/berita/5004229/iee-series-2025-momentum-kuatkan-keamanan-dan-manajemen-data,ANTARA,Data Center di Indonesia,2026-10-05 01:48:25
Mencermati ambisi AS menguasai data pribadi Indonesia,25 Juli 2025,"Kesepakatan transfer data pribadi Indonesia ke Amerika Serikat, yang diumumkan 22 Juli 2025 melalui ...",https://www.antaranews.com/berita/4990981/mencermati-ambisi-as-menguasai-data-pribadi-indonesia,ANTARA,Data Center di Indonesia,2026-10-05 01:48:25
Airlangga pastikan pertukaran data dengan AS patuhi hukum RI,24 Juli 2025,"Menteri Koordinator Bidang Perekonomian Airlangga Hartarto memastikan, kesepakatan dalam pertukaran data dengan Amerika ...",https://www.antaranews.com/berita/4989765/airlangga-pastikan-pertukaran-data-dengan-as-patuhi-hukum-ri,ANTARA,Data Center di Indonesia,2026-10-05 01:48:27
ITPLN buka Program Studi Sains Data jawab kebutuhan era digital,19 Juni 2025,Institut Teknologi PLN (ITPLN) resmi membuka Program Studi Sarjana (S1) Sains Data dalam rangka merespon terhadap ...,https://www.antaranews.com/berita/4912401/itpln-buka-program-studi-sains-data-jawab-kebutuhan-era-digital,ANTARA,Data Center di Indonesia,2026-10-05 01:48:27
BDx Data Centers dan PLN Indonesia Teken Kontrak Jual-Beli Listrik guna Dukung Infrastruktur Digital Nasional,19 Juni 2025,"BDx Indonesia, anak usaha BDx Data Centers (""BDx""), telah menandatangani kontrak jual-beli listrik dengan PT ...",https://www.antaranews.com/berita/4911001/bdx-data-centers-dan-pln-indonesia-teken-kontrak-jual-beli-listrik-guna-dukung-infrastruktur-digital-nasional,ANTARA,Data Center di Indonesia,2026-10-05 01:48:27
PT Telkom tekankan pentingnya keberadaan data center di Indonesia,11 Juni 2025,PT Telkom Data Ekosistem menekankan pentingnya keberadaan data center terhadap penyimpanan setiap konten digital yang ...,https://www.antaranews.com/berita/4891961/pt-telkom-tekankan-pentingnya-keberadaan-data-center-di-indonesia,ANTARA,Data Center di Indonesia,2026-10-05 01:48:27
"Bangun Fondasi AI Nasional Lewat Private Cloud, IDCloudHost Gandeng  IT Del",19 Mei 2025,Dalam rangka memperkuat kedaulatan data nasional dan mendukung pengembangan teknologi berbasis AI dan Cloud di ...,https://www.antaranews.com/berita/4842309/bangun-fondasi-ai-nasional-lewat-private-cloud-idcloudhost-gandeng-it-del,ANTARA,Data Center di Indonesia,2026-10-05 01:48:27
Kemkomdigi kaji dampak tarif AS untuk sektor teknologi dan digital,11 April 2025,Kementerian Komunikasi dan Digital sedang mengkaji dampak kebijakan tarif impor Amerika Serikat terhadap sektor ...,https://www.antaranews.com/berita/4765657/kemkomdigi-kaji-dampak-tarif-as-untuk-sektor-teknologi-dan-digital,ANTARA,Data Center di Indonesia,2026-10-05 01:48:27
RI-UEA teruskan kerja sama investasi teknologi dan infrastruktur,13 Februari 2025,"Indonesia dan Uni Emirat Arab (UEA) sepakat meneruskan kerja sama investasi, khususnya di bidang ekonomi digital, ...",https://www.antaranews.com/berita/4645705/ri-uea-teruskan-kerja-sama-investasi-teknologi-dan-infrastruktur,ANTARA,Data Center di Indonesia,2026-10-05 01:48:27
Kadin sambut komitmen investasi Singapura untuk energi hijau di RI,23 Januari 2025,"Wakil Ketua Umum Bidang Kawasan Ekonomi Khusus (KEK), Kawasan Industri (KI) dan Proyek Strategis Nasional (PSN) Kamar ...",https://www.antaranews.com/berita/4603202/kadin-sambut-komitmen-investasi-singapura-untuk-energi-hijau-di-ri,ANTARA,Data Center di Indonesia,2026-10-05 01:48:27
Airlangga: Digitalisasi RI kejar target pertumbuhan delapan persen,21 Januari 2025,"Menteri Koordinator Bidang Perekonomian Airlangga Hartarto mengatakan, digitalisasi Indonesia dapat digunakan untuk ...",https://www.antaranews.com/berita/4598466/airlangga-digitalisasi-ri-kejar-target-pertumbuhan-delapan-persen,ANTARA,Data Center di Indonesia,2026-10-05 01:48:27
Kolaborasi kunci keberhasilan Telkom transformasi jadi digital telco,4 Oktober 2024,"Head of Digital Vertical Ecosystem Movement and Public Service, DBT PT Telkom Indonesia (Persero) Tbk Goe Ngurah Sandhy ...",https://www.antaranews.com/berita/4377382/kolaborasi-kunci-keberhasilan-telkom-transformasi-jadi-digital-telco,ANTARA,Data Center di Indonesia,2026-10-05 01:48:27
"Hadiri IPEF, Airlangga tawarkan investasi infrastruktur berkelanjutan",6 Juni 2024,Menteri Koordinator Bidang Perekonomian Airlangga Hartarto menawarkan beragam investasi proyek infrastruktur ...,https://www.antaranews.com/berita/4139949/hadiri-ipef-airlangga-tawarkan-investasi-infrastruktur-berkelanjutan,ANTARA,Data Center di Indonesia,2026-10-05 01:48:27
Airlangga ajak investor AS untuk investasi di KEK Batam,5 Juni 2024,Menteri Koordinator Bidang Perekonomian Airlangga Hartarto mengajak investor AS untuk berinvestasi di Kawasan Ekonomi ...,https://www.antaranews.com/berita/4138812/airlangga-ajak-investor-as-untuk-investasi-di-kek-batam,ANTARA,Data Center di Indonesia,2026-10-05 01:48:27
Airlangga ungkap potensi Batam bagi ekosistem industri digital,5 Juni 2024,Menteri Koordinator Bidang Perekonomian Airlangga Hartarto menyampaikan potensi Batam sebagai hub utama jaringan kabel ...,https://www.antaranews.com/berita/4138737/airlangga-ungkap-potensi-batam-bagi-ekosistem-industri-digital,ANTARA,Data Center di Indonesia,2026-10-05 01:48:27
Dyah Roro Esti dorong energi ramah lingkungan untuk listrik pusat data,18 Mei 2024,Anggota Komisi VII DPR RI Dyah Roro Esti mendorong penggunaan energi ramah lingkungan untuk memenuhi kebutuhan daya ...,https://www.antaranews.com/berita/4110114/dyah-roro-esti-dorong-energi-ramah-lingkungan-untuk-listrik-pusat-data,ANTARA,Data Center di Indonesia,2026-10-05 01:48:27
DCI sebut kapasitas pusat data di Indonesia baru capai 200 MW,22 April 2024,VP of Market Development and Sales Strategy PT DCI Indonesia Tbk Abieta Billy menuturkan bahwa potensi perkembangan ...,https://www.antaranews.com/berita/4069437/dci-sebut-kapasitas-pusat-data-di-indonesia-baru-capai-200-mw,ANTARA,Data Center di Indonesia,2026-10-05 01:48:27
Menkominfo dukung pertumbuhan industri pusat data di Indonesia,21 November 2023,"Menteri Komunikasi dan Informatika, Budi Arie Setiadi mengungkapkan dukungan pemerintah terhadap percepatan ...",https://www.antaranews.com/berita/3833784/menkominfo-dukung-pertumbuhan-industri-pusat-data-di-indonesia,ANTARA,Data Center di Indonesia,2026-10-05 01:48:30
Internet cepat kunci dalam mewujudkan transformasi digital,21 November 2023,Menteri Komunikasi dan Informatika Budi Arie Setiadi menilai kecepatan internet yang mumpuni menjadi kunci dalam ...,https://www.antaranews.com/berita/3833607/internet-cepat-kunci-dalam-mewujudkan-transformasi-digital,ANTARA,Data Center di Indonesia,2026-10-05 01:48:30
Tencent Cloud dan Digital Edge Mengumumkan Kerja Sama untuk Merevolusi Ekosistem Konektivitas Data Center di Indonesia,20 November 2023,"Tencent Cloud hari ini mengumumkan kerja samanya dengan Digital Edge, sebuah perusahaan platform ...",https://www.antaranews.com/berita/3831894/tencent-cloud-dan-digital-edge-mengumumkan-kerja-sama-untuk-merevolusi-ekosistem-konektivitas-data-center-di-indonesia,ANTARA,Data Center di Indonesia,2026-10-05 01:48:30
Kadin harap presiden baru tetap lanjutkan program Indonesia Emas 2045,18 Oktober 2023,Kepala Badan Pengembangan Ekosistem Keuangan Digital Kadin Indonesia Pandu Patria Sjahrir berharap siapapun calon ...,https://www.antaranews.com/berita/3780270/kadin-harap-presiden-baru-tetap-lanjutkan-program-indonesia-emas-2045,ANTARA,Data Center di Indonesia,2026-10-05 01:48:30
Wamen BUMN: Standard internasional bantu tingkatkan bisnis data center,16 Oktober 2023,Wakil Menteri Badan Usaha Milik Negara (Wamen BUMN) Rosan Perkasa Roeslani mengatakan bahwa untuk menarik pelanggan ...,https://www.antaranews.com/berita/3775785/wamen-bumn-standard-internasional-bantu-tingkatkan-bisnis-data-center,ANTARA,Data Center di Indonesia,2026-10-05 01:48:30
Tiga upaya manfaatkan peluang dan ciptakan talenta data center,30 September 2023,"Data Center Business Vice President Schneider Electric Indonesia Yana Haikal menjelaskan, terdapat tiga langkah utama ...",https://www.antaranews.com/berita/3750798/tiga-upaya-manfaatkan-peluang-dan-ciptakan-talenta-data-center,ANTARA,Data Center di Indonesia,2026-10-05 01:48:30
Menko Luhut ungkap pentingnya pembangunan pusat data di Indonesia,13 September 2023,Menteri Koordinator Bidang Kemaritiman dan Investasi Luhut Binsar Pandjaitan mengungkapkan pentingnya pembangunan pusat ...,https://www.antaranews.com/berita/3724896/menko-luhut-ungkap-pentingnya-pembangunan-pusat-data-di-indonesia,ANTARA,Data Center di Indonesia,2026-10-05 01:48:30
Biofarma Group ungkap inovasi transformasi digital di AIPF 2023,7 September 2023,Biofarma Group membagikan beragam solusi kesehatan dari hulu hingga hilir kepada delegasi Gelaran ASEAN Indo-Pacific ...,https://www.antaranews.com/berita/3715176/biofarma-group-ungkap-inovasi-transformasi-digital-di-aipf-2023,ANTARA,Data Center di Indonesia,2026-10-05 01:48:30
"PT Telkom targetkan bangun data center lebih masif lagi, incar 400 MW",6 September 2023,PT Telkom Indonesia Tbk bakal lebih agresif dan masif dalam mengembangkan data center di Indonesia seiring ...,https://www.antaranews.com/berita/3713463/pt-telkom-targetkan-bangun-data-center-lebih-masif-lagi-incar-400-mw,ANTARA,Data Center di Indonesia,2026-10-05 01:48:30
Legrand Indonesia gelar Data Center Summit guna kembangkan data center,9 Juni 2023,Perusahaan bidang kelistrikan dan infrastruktur gedung digital Legrand Indonesia menyelenggarakan Data Center Summit ...,https://www.antaranews.com/berita/3580725/legrand-indonesia-gelar-data-center-summit-guna-kembangkan-data-center,ANTARA,Data Center di Indonesia,2026-10-05 01:48:30
"Telkom Indonesia bukukan pendapatan Rp147,3 triliun pada 2022",27 Maret 2023,"PT Telkom Indonesia Tbk (TLKM) membukukan pendapatan senilai Rp147,3 triliun pada 2022, meningkat 2,9 persen year on ...",https://www.antaranews.com/berita/3458286/telkom-indonesia-bukukan-pendapatan-rp1473-triliun-pada-2022,ANTARA,Data Center di Indonesia,2026-10-05 01:48:30
PLN: Listrik berbasis EBT dukung pengembangan kapasitas data Indonesia,1 Februari 2023,"PT PLN (Persero) menyatakan penyediaan pasokan listrik yang andal, serta berbasis Energi Baru dan Terbarukan (EBT) ke ...",https://www.antaranews.com/berita/3375390/pln-listrik-berbasis-ebt-dukung-pengembangan-kapasitas-data-indonesia,ANTARA,Data Center di Indonesia,2026-10-05 01:48:30
APJII siap wujudkan pemerataan internet melalui tiga program prioritas,5 Oktober 2022,Ketua Umum Asosiasi Penyelenggara Jasa Internet Indonesia (APJII) Muhammad Arif mengatakan siap membantu pemerintah ...,https://www.antaranews.com/berita/3159653/apjii-siap-wujudkan-pemerataan-internet-melalui-tiga-program-prioritas,ANTARA,Data Center di Indonesia,2026-10-05 01:48:30
I-PRO Resmi Luncurkan CCTV Berteknologi AI,21 Juli 2022,"I-PRO Co., Ltd terus mengembangkan sayap inovasinya terutama dalam memberikan pengawasan dan keamanan publik dengan ...",https://www.antaranews.com/berita/3011069/i-pro-resmi-luncurkan-cctv-berteknologi-ai,ANTARA,Data Center di Indonesia,2026-10-05 01:48:30
"Pemerintah perlu minta ""startup"" buat pusat data di Indonesia",1 Juli 2022,Pengamat ekonomi dari Universitas Indonesia Harryadin Mahardika menyatakan bahwa pemerintah perlu untuk mendorong ...,https://www.antaranews.com/berita/2972705/pemerintah-perlu-minta-startup-buat-pusat-data-di-indonesia,ANTARA,Data Center di Indonesia,2026-10-05 01:48:30
Kominfo bahas peluang investasi pusat data di Batam,25 Juni 2022,"Menteri Komunikasi dan Informatika (Kominfo) Johnny G. Plate melakukan kunjungan kerja ke Batam, Kepulauan Riau, ...",https://www.antaranews.com/berita/2960357/kominfo-bahas-peluang-investasi-pusat-data-di-batam,ANTARA,Data Center di Indonesia,2026-10-05 01:48:32
Menko Airlangga bertemu IBM Asia Pacific bahas ekonomi digital,21 Juni 2022,Menteri Koordinator Bidang Perekonomian Airlangga Hartarto bertemu dengan General Manager IBM Asia Pacific Paul Burton ...,https://www.antaranews.com/berita/2952921/menko-airlangga-bertemu-ibm-asia-pacific-bahas-ekonomi-digital,ANTARA,Data Center di Indonesia,2026-10-05 01:48:32
Pengembangan data center Telkom dorong kemajuan ekonomi digital,20 Mei 2022,Keputusan PT Telkom Indonesia Tbk (TLKM) mengembangkan bisnis data center melalui NeutraDC dinilai menjadi momentum ...,https://www.antaranews.com/berita/2891541/pengembangan-data-center-telkom-dorong-kemajuan-ekonomi-digital,ANTARA,Data Center di Indonesia,2026-10-05 01:48:32
Komisi VI DPR RI apresiasi pengembangan bisnis data center TelkomGroup,15 Februari 2022,Pimpinan Komisi VI DPR RI Mohamad Hekal memberikan apresiasi atas pengembangan bisnis data center TelkomGroup.    ...,https://www.antaranews.com/berita/2704417/komisi-vi-dpr-ri-apresiasi-pengembangan-bisnis-data-center-telkomgroup,ANTARA,Data Center di Indonesia,2026-10-05 01:48:32
Anggota DPR dukung ekspansi bisnis pusat data Telkom,14 Februari 2022,Wakil Ketua Komisi VI DPR RI Gde Sumarjaya Linggih mendukung ekspansi bisnis pusat data PT Telkom Indonesia (Persero) ...,https://www.antaranews.com/berita/2702089/anggota-dpr-dukung-ekspansi-bisnis-pusat-data-telkom,ANTARA,Data Center di Indonesia,2026-10-05 01:48:32
Repower Asia Indonesia optimis kinerja positif pada 2022,23 Desember 2021,Emiten properti PT Repower Asia Indonesia Tbk optimis kinerjanya akan terus bergerak positif pada 2022 dengan ...,https://www.antaranews.com/berita/2602061/repower-asia-indonesia-optimis-kinerja-positif-pada-2022,ANTARA,Data Center di Indonesia,2026-10-05 01:48:32
Kominfo: Indonesia punya peluang besar maksimalkan data center,13 Desember 2021,Dirjen Sumber Daya dan Perangkat Pos dan Informatika (SDPPI) Kementerian Komunikasi dan Informatika ...,https://www.antaranews.com/berita/2583065/kominfo-indonesia-punya-peluang-besar-maksimalkan-data-center,ANTARA,Data Center di Indonesia,2026-10-05 01:48:32
"Erick Thohir: Indonesia butuh 17,5 juta ahli digital sampai tahun 2035",11 Desember 2021,"Menteri BUMN Erick Thohir mengungkapkan Indonesia membutuhkan 17,5 juta ahli digital sampai dengan tahun 2035.    ...",https://www.antaranews.com/berita/2580049/erick-thohir-indonesia-butuh-175-juta-ahli-digital-sampai-tahun-2035,ANTARA,Data Center di Indonesia,2026-10-05 01:48:32
3 Indonesia gandeng Schneider Electric modernisasi tiga pusat data,1 Desember 2021,"Operator seluler 3 Indonesia bekerja sama dengan Schneider Electric, berhasil memodernisasi tiga data center-nya ...",https://www.antaranews.com/berita/2557133/3-indonesia-gandeng-schneider-electric-modernisasi-tiga-pusat-data,ANTARA,Data Center di Indonesia,2026-10-05 01:48:32
PointStar usung layanan cloud terintegrasi paling lengkap di Indonesia,29 November 2021,PointStar menawarkan solusi lengkap untuk kolaborasi dan transformasi dengan teknologi terintegrasi dan terdepan. ...,https://www.antaranews.com/berita/2552145/pointstar-usung-layanan-cloud-terintegrasi-paling-lengkap-di-indonesia,ANTARA,Data Center di Indonesia,2026-10-05 01:48:32
Erick Thohir: Data jadi sumber tambang baru pada era digitalisasi,23 Oktober 2021,"Menteri BUMN Erick Thohir mengungkapkan saat ini data merupakan sumber tambang baru pada era digitalisasi, sehingga ...",https://www.antaranews.com/berita/2477145/erick-thohir-data-jadi-sumber-tambang-baru-pada-era-digitalisasi,ANTARA,Data Center di Indonesia,2026-10-05 01:48:32
H2 Data Center siap dukung akselerasi transformasi digital,22 Oktober 2021,PT Datacenter Indonesia Sukses Makmur atau H2 Data Center siap mendukung akselerasi transformasi digital di Tanah Air ...,https://www.antaranews.com/berita/2474509/h2-data-center-siap-dukung-akselerasi-transformasi-digital,ANTARA,Data Center di Indonesia,2026-10-05 01:48:32
REAL jajaki kolaborasi bisnis data center dengan DCII,18 Oktober 2021,Emiten properti PT Repower Asia Indonesia Tbk (REAL) menjajaki kolaborasi dengan salah satu perusahaan data center ...,https://www.antaranews.com/berita/2465309/real-jajaki-kolaborasi-bisnis-data-center-dengan-dcii,ANTARA,Data Center di Indonesia,2026-10-05 01:48:32
Erick Thohir dorong pengembangan industri digital secara komprehensif,28 September 2021,Menteri BUMN Erick Thohir mengungkapkan pihaknya mendorong dan memfasilitasi pengembangan industri digital di Indonesia ...,https://www.antaranews.com/berita/2420549/erick-thohir-dorong-pengembangan-industri-digital-secara-komprehensif,ANTARA,Data Center di Indonesia,2026-10-05 01:48:32
Peneliti: Pusat Data perlu ditunjang UU Perlindungan Data Pribadi,23 September 2021,Peneliti Center for Indonesian Policy Studies (CIPS) Pingkan Audrine Kosijungan mengingatkan bahwa pembangunan data ...,https://www.antaranews.com/berita/2411505/peneliti-pusat-data-perlu-ditunjang-uu-perlindungan-data-pribadi,ANTARA,Data Center di Indonesia,2026-10-05 01:48:32
"Persaingan data center semakin kompetitif, ini strategi Telkomsigma",20 September 2021,Percepatan digitalisasi telah mendorong peran data center menjadi semakin esensial sebagai infrastruktur yang mendasari ...,https://www.antaranews.com/berita/2404809/persaingan-data-center-semakin-kompetitif-ini-strategi-telkomsigma,ANTARA,Data Center di Indonesia,2026-10-05 01:48:34
Repower Asia masuk ke bisnis data center garap ekonomi digital,15 September 2021,Emiten properti PT Repower Asia Indonesia Tbk berencana masuk ke bisnis data center guna menggarap peluang dari ekonomi ...,https://www.antaranews.com/berita/2393177/repower-asia-masuk-ke-bisnis-data-center-garap-ekonomi-digital,ANTARA,Data Center di Indonesia,2026-10-05 01:48:34
PLN akan suplai listrik untuk pengembangan pusat data di Kota Deltamas,8 September 2021,PT PLN (Persero) akan menyupai kebutuhan listrik sebesar 993 megavolt ampere ke pusat data berstandar internasional ...,https://www.antaranews.com/berita/2379158/pln-akan-suplai-listrik-untuk-pengembangan-pusat-data-di-kota-deltamas,ANTARA,Data Center di Indonesia,2026-10-05 01:48:34
Anggota DPR dorong transformasi Telkom demi penguatan kedaulatan data,22 Juli 2021,BUMN yang bergerak di bidang telekomunikasi seperti Telkom Indonesia harus mempercepat transformasi usahanya demi ...,https://www.antaranews.com/berita/2281146/anggota-dpr-dorong-transformasi-telkom-demi-penguatan-kedaulatan-data,ANTARA,Data Center di Indonesia,2026-10-05 01:48:34
Indonet fokus bangun layanan digital terintegrasi,28 Juni 2021,"PT Indointernet Tbk (Indonet) (Perseroan), perusahaan penyedia layanan infrastruktur digital di Indonesia sedang ...",https://www.antaranews.com/berita/2236254/indonet-fokus-bangun-layanan-digital-terintegrasi,ANTARA,Data Center di Indonesia,2026-10-05 01:48:34
DCI Indonesia catat pertumbuhan laba bersih 55 persen pada QI 2021,7 Juni 2021,"Perusahaan pemimpin penyedia layanan data center di Indonesia, PT DCI Indonesia Tbk (DCI) (Perseroan), mencatatkan ...",https://www.antaranews.com/berita/2197582/dci-indonesia-catat-pertumbuhan-laba-bersih-55-persen-pada-qi-2021,ANTARA,Data Center di Indonesia,2026-10-05 01:48:34
CTI rangkul Furukawa layani solusi data center,7 Mei 2021,"Computrade Technology International (CTI Group) melalui anak usahanya, PT Mega Buana Teknologi (MBT), bekerja sama ...",https://www.antaranews.com/berita/2143874/cti-rangkul-furukawa-layani-solusi-data-center,ANTARA,Data Center di Indonesia,2026-10-05 01:48:34
Menkominfo tinjau kesiapan lahan pembangunan Pusat Data Nasional,23 April 2021,Menteri Komunikasi dan Informatika Johnny G Plate meninjau kesiapan lahan yang rencananya akan dibangun Pusat Data ...,https://www.antaranews.com/berita/2117602/menkominfo-tinjau-kesiapan-lahan-pembangunan-pusat-data-nasional,ANTARA,Data Center di Indonesia,2026-10-05 01:48:34
Konsultan: Bukit Algoritma perlu ajak masuk perusahaan teknologi besar,15 April 2021,"Konsultan properti Jones Lang LaSalle (JLL) menyarankan agar kawasan pusat teknologi Bukit Algoritma di Sukabumi, Jawa ...",https://www.antaranews.com/berita/2102270/konsultan-bukit-algoritma-perlu-ajak-masuk-perusahaan-teknologi-besar,ANTARA,Data Center di Indonesia,2026-10-05 01:48:34
Investasi pusat data dorong transformasi digital,26 Februari 2021,Kementerian Komunikasi dan Informatika menilai investasi perusahaan global untuk membangun pusat data (data center) di ...,https://www.antaranews.com/berita/2018463/investasi-pusat-data-dorong-transformasi-digital,ANTARA,Data Center di Indonesia,2026-10-05 01:48:34
"Biznet tingkatkan kemampuan ""data center"" dukung transformasi digital",3 Februari 2021,Mengawali 2021 Biznet Data Center melakukan ekspansi besar dengan menghadirkan upgrade layanan dan fasilitas untuk ...,https://www.antaranews.com/berita/1980729/biznet-tingkatkan-kemampuan-data-center-dukung-transformasi-digital,ANTARA,Data Center di Indonesia,2026-10-05 01:48:34
Peluang dari senyapnya bisnis data center di tengah pandemi,9 Januari 2021,"fasilitas produksi, dan penyimpanan vaksin COVID-19 di Bio Farma, Bandung, Jawa Barat. Dokumentasi Kementerian BUMN    ...",https://www.antaranews.com/berita/1936036/peluang-dari-senyapnya-bisnis-data-center-di-tengah-pandemi,ANTARA,Data Center di Indonesia,2026-10-05 01:48:34
"Melantai di bursa, DCII siap garap pasar pusat data",6 Januari 2021,Perusahaan yang bergerak di bidang pusat data PT DCI Indonesia Tbk (DCII) siap menggarap pasar pusat data (data center) ...,https://www.antaranews.com/berita/1930440/melantai-di-bursa-dcii-siap-garap-pasar-pusat-data,ANTARA,Data Center di Indonesia,2026-10-05 01:48:34
"Kominfo dorong pemanfaatan teknologi komputasi awan untuk ""Go Digital""",4 November 2020,Kementerian Komunikasi dan Informatika (Kominfo) mendorong pemanfaatan teknologi komputasi awan atau cloud computing ...,https://www.antaranews.com/berita/1820852/kominfo-dorong-pemanfaatan-teknologi-komputasi-awan-untuk-go-digital,ANTARA,Data Center di Indonesia,2026-10-05 01:48:34
Pandemi tak halangi Amazon Web Service buka pusat data di Indonesia,2 November 2020,"Layanan berbasis cloud computing milik Amazon, Amazon Web Service (AWS), tetap pada rencananya untuk membuka pusat data ...",https://www.antaranews.com/berita/1817232/pandemi-tak-halangi-amazon-web-service-buka-pusat-data-di-indonesia,ANTARA,Data Center di Indonesia,2026-10-05 01:48:34
DJKI Kemenkumham godok aturan penarikan royalti platform musik digital,22 Oktober 2020,Direktorat Jenderal Kekayaan Intelektual (DJKI) Kementerian Hukum dan HAM tengah menggodok aturan dalam bentuk ...,https://www.antaranews.com/berita/1799181/djki-kemenkumham-godok-aturan-penarikan-royalti-platform-musik-digital,ANTARA,Data Center di Indonesia,2026-10-05 01:48:36
Anggota DPR kritisi rencana bangun PDN gunakan dana asing,31 Juli 2020,Anggota Komisi I DPR RI Sukamta mengkritisi rencana pemerintah yang mendorong percepatan pembiayaan Prancis untuk ...,https://www.antaranews.com/berita/1642770/anggota-dpr-kritisi-rencana-bangun-pdn-gunakan-dana-asing,ANTARA,Data Center di Indonesia,2026-10-05 01:48:36
"Kemarin, soal vaksin COVID-19 sampai Program Organisasi Pengerak",29 Juli 2020,"Sejumlah berita Humaniora menarik perhatian pembaca kemarin, mulai dari perkembangan vaksin COVID-19 hingga Menteri ...",https://www.antaranews.com/berita/1638414/kemarin-soal-vaksin-covid-19-sampai-program-organisasi-pengerak,ANTARA,Data Center di Indonesia,2026-10-05 01:48:36
Menkominfo: Hanya tiga persen data center penuhi standar global,28 Juli 2020,Menteri Komunikasi dan Informatika Johnny Gerard Plate mengatakan saat ini data center di Indonesia yang memenuhi ...,https://www.antaranews.com/berita/1637758/menkominfo-hanya-tiga-persen-data-center-penuhi-standar-global,ANTARA,Data Center di Indonesia,2026-10-05 01:48:36
Menkominfo sambut baik pembangunan pusat data ketiga Alibaba Cloud,2 Juli 2020,Menteri Komunikasi dan Informatika (Menkominfo) Johnny G Plate menyambut baik dimulainya pembangunan pusat data ...,https://www.antaranews.com/berita/1586342/menkominfo-sambut-baik-pembangunan-pusat-data-ketiga-alibaba-cloud,ANTARA,Data Center di Indonesia,2026-10-05 01:48:36
"EcoStruxture dukung industri ""data center"" pintar di Indonesia",26 Juni 2020,"Perusahaan global dalam transformasi digital di pengelolaan energi dan otomasi, Schneider Electric meluncurkan ...",https://www.antaranews.com/berita/1575495/ecostruxture-dukung-industri-data-center-pintar-di-indonesia,ANTARA,Data Center di Indonesia,2026-10-05 01:48:36
Ancaman siber meningkat selama pandemi virus corona,18 Juni 2020,Perusahaan teknologi IBM menyatakan serangan siber secara global meningkat pada tiga bulan terakhir sejak pandemi virus ...,https://www.antaranews.com/berita/1560708/ancaman-siber-meningkat-selama-pandemi-virus-corona,ANTARA,Data Center di Indonesia,2026-10-05 01:48:36
Kominfo rampungkan peraturan menteri soal PSE,10 Maret 2020,"Menteri Kementerian Komunikasi dan Informatika, Johnny G. Plate mengatakan telah merampungkan Peraturan Menteri ...",https://www.antaranews.com/berita/1347246/kominfo-rampungkan-peraturan-menteri-soal-pse,ANTARA,Data Center di Indonesia,2026-10-05 01:48:36
"Kemarin, rencana investasi Microsoft hingga dampak penghentian umroh",28 Februari 2020,Sejumlah informasi penting menghiasi berita ekonomi pada Kamis (27/2) mulai dari rencana investasi Microsoft di ...,https://www.antaranews.com/berita/1324126/kemarin-rencana-investasi-microsoft-hingga-dampak-penghentian-umroh,ANTARA,Data Center di Indonesia,2026-10-05 01:48:36
CEO Microsoft sambut rencana investasi data center Indonesia,27 Februari 2020,Microsoft menyambut baik rencana pemerintah Indonesia yang akan membuat regulasi sederhana untuk investasi fasilitas ...,https://www.antaranews.com/berita/1323126/ceo-microsoft-sambut-rencana-investasi-data-center-indonesia,ANTARA,Data Center di Indonesia,2026-10-05 01:48:36
Presiden Jokowi : Microsoft akan investasi untuk bangun pusat data,27 Februari 2020,"Presiden Joko Widodo mengatakan bahwa CEO Microsoft, Satya Nadella ingin mengucurkan investasi untuk fasilitas pusat ...",https://www.antaranews.com/berita/1322206/presiden-jokowi-microsoft-akan-investasi-untuk-bangun-pusat-data,ANTARA,Data Center di Indonesia,2026-10-05 01:48:36
Telkomsigma kuasai pasar data center di Indonesia,20 November 2019,"Anak usaha PT Telkom Indonesia Tbk (Persero), Telkomsigma membuktikan diri sebagai perusahaan solusi teknologi ...",https://www.antaranews.com/berita/1173016/telkomsigma-kuasai-pasar-data-center-di-indonesia,ANTARA,Data Center di Indonesia,2026-10-05 01:48:36
"Pusat data terbesar Indonesia bakal aktif 2020, dukung ekonomi digital",13 November 2019,Fasilitas pusat data atau data center terbesar dengan critical IT load sebesar 12 Megawatt (MW) di Indonesia siap ...,https://www.antaranews.com/berita/1162056/pusat-data-terbesar-indonesia-bakal-aktif-2020-dukung-ekonomi-digital,ANTARA,Data Center di Indonesia,2026-10-05 01:48:36
Asosiasi: Pertumbuhan industri pusat data hampir 30 persen,13 November 2019,Asosiasi Penyelenggara Data Center Indonesia atau Indonesia Data Center Provider Organization (IDPRO) menilai ...,https://www.antaranews.com/berita/1161996/asosiasi-pertumbuhan-industri-pusat-data-hampir-30-persen,ANTARA,Data Center di Indonesia,2026-10-05 01:48:36
Data center NTT diharapkan bantu korporasi nasional bersaing,26 September 2019,Menteri Komunikasi dan Informatika Rudiantara mengharapkan keberadaan data center dengan performa dan skalabilitas ...,https://www.antaranews.com/berita/1083094/data-center-ntt-diharapkan-bantu-korporasi-nasional-bersaing,ANTARA,Data Center di Indonesia,2026-10-05 01:48:36
"Tingkatkan kompetensi SDM, Kemnaker gandeng Amazone Web Services",17 Juli 2019,Kementerian Tenaga Kerja (Kemnaker) bekerja sama dengan perusahaan raksasa internet terkemuka Amazon Web Services (AWS) ...,https://www.antaranews.com/berita/962144/tingkatkan-kompetensi-sdm-kemnaker-gandeng-amazone-web-services,ANTARA,Data Center di Indonesia,2026-10-05 01:48:39
Telkomsigma Terima Sertifikat Standar Data Center,18 Desember 2018,"CEO Telkomsigma Iskriono Windiarjanto (kedua kanan), didampingi SVP Business Data Center Sukoco Halim (kanan) dan SVP ...",https://www.antaranews.com/foto/779063/telkomsigma-terima-sertifikat-standar-data-center,ANTARA,Data Center di Indonesia,2026-10-05 01:48:39
"Telkomsigma klaim punya data center ""Always On""",21 Oktober 2018,"Telkomsigma, perusahaan penyedia solusi teknologi informasi terintegrasi, memastikan layanan pusat data yang ...",https://www.antaranews.com/berita/760405/telkomsigma-klaim-punya-data-center-always-on,ANTARA,Data Center di Indonesia,2026-10-05 01:48:39
idEA harap aturan pusat data segera diputuskan,3 September 2018,Asosiasi e-Commerce Indonesia (idEA) berharap pemerintah segera mengambil keputusan terkait kewajiban penempatan pusat ...,https://www.antaranews.com/berita/744780/idea-harap-aturan-pusat-data-segera-diputuskan,ANTARA,Data Center di Indonesia,2026-10-05 01:48:39
Alibaba lindungi pelanggan dengan standar keamanan tinggi,15 Maret 2018,"Perusahaan komputasi awan milik Alibaba Group, Alibaba Cloud yang resmi beroperasi di Indonesia melindungi data ...",https://www.antaranews.com/berita/693352/alibaba-lindungi-pelanggan-dengan-standar-keamanan-tinggi,ANTARA,Data Center di Indonesia,2026-10-05 01:48:39
UC Browser jamin keamanan data pengguna,1 Februari 2018,"UC Browser mengunggulkan personalisasi tampilan peramban sesuai dengan selera pengguna, sebagai salah satu pembeda ...",https://www.antaranews.com/berita/682366/uc-browser-jamin-keamanan-data-pengguna,ANTARA,Data Center di Indonesia,2026-10-05 01:48:39
Telkom dukung percepatan reformasi ICT sektor migas,23 Mei 2017,"PT Telkom Indonesia (Persero) Tbk bekerja sama dengan perusahaan penyedia jasa dan teknologi migas, Schlumberger ...",https://www.antaranews.com/berita/630790/telkom-dukung-percepatan-reformasi-ict-sektor-migas,ANTARA,Data Center di Indonesia,2026-10-05 01:48:39
GTN data center bidik okupansi 50 persen pada 2017,16 November 2016,PT Graha Teknologi Nusantara (GTN) perusahaan pengelolaan data center terkemuka di Indonesia menargetkan tingkat isian ...,https://www.antaranews.com/berita/596407/gtn-data-center-bidik-okupansi-50-persen-pada-2017,ANTARA,Data Center di Indonesia,2026-10-05 01:48:39
Menkominfo jawab diplomatis soal data center,7 Oktober 2016,Menteri Komunikasi dan Informatika Rudiantara menjawab secara diplomatis terkait dengan isu revisi  Peraturan ...,https://www.antaranews.com/berita/589047/menkominfo-jawab-diplomatis-soal-data-center,ANTARA,Data Center di Indonesia,2026-10-05 01:48:39
DPR : batalkan kebijakan longgarkan aturan pusat data,29 September 2016,"Anggota Komisi I DPR, Sukamta meminta Pemerintah mengurungkan niat melonggarkan aturan soal penempatan data center ...",https://www.antaranews.com/berita/587426/dpr-batalkan-kebijakan-longgarkan-aturan-pusat-data,ANTARA,Data Center di Indonesia,2026-10-05 01:48:39
Ledakan data digital dan tantangan layanan data center,20 September 2016,"Fenomena data digital memang sungguh kasat mata. Produksi data digital di Indonesia, terutama melalui media sosial, ...",https://www.antaranews.com/berita/585408/ledakan-data-digital-dan-tantangan-layanan-data-center,ANTARA,Data Center di Indonesia,2026-10-05 01:48:39
Bisnis data center TelkomSigma siap kalahkan Singapura,2 Juni 2016,"PT TelkomSigma, anak usaha PT Telkom Indonesia (Tbk) Persero terus mengembangkan bisnis data center dengan target ...",https://www.antaranews.com/berita/564911/bisnis-data-center-telkomsigma-siap-kalahkan-singapura,ANTARA,Data Center di Indonesia,2026-10-05 01:48:39
Ini alasan kenapa adopsi cloud di Indonesia lamban,29 Januari 2016,"Menurut Country Business Manager Enterprise Solution Group Dell Indonesia, Erwin Yusran, lambatnya pengadopsian cloud ...",https://www.antaranews.com/berita/542764/ini-alasan-kenapa-adopsi-cloud-di-indonesia-lamban,ANTARA,Data Center di Indonesia,2026-10-05 01:48:39
Intip sistem keamanan Lazada,25 November 2015,"Chief Marketing Officer Lazada Indonesia, Sebastian Sieber, mengungkap sistem keamanan Lazada yang disebut mampu ...",https://www.antaranews.com/berita/531406/intip-sistem-keamanan-lazada,ANTARA,Data Center di Indonesia,2026-10-05 01:48:39
Telkomsigma gandeng IBM tingkatkan layanan data center,28 Maret 2013,PT Telkom melalui anak usahanya PT Telkomsigma dan IBM sepakat bekerjasama membangun dan meningkatkan penyediaan jasa ...,https://www.antaranews.com/berita/365699/telkomsigma-gandeng-ibm-tingkatkan-layanan-data-center,ANTARA,Data Center di Indonesia,2026-10-05 01:48:39
