title,article_url
"KDM Setop Proyek Data Center BDx di Jatiluhur, Konsumsi Air Jadi Sorotan",https://katadata.co.id/digital/teknologi/6ac1cc3fd9e4c/kdm-setop-proyek-data-center-bdx-di-jatiluhur-konsumsi-air-jadi-sorotan
Perusahaan Data Center Digital Realty Tunjuk Raymond Yan Jadi Presiden Direktur,https://katadata.co.id/digital/teknologi/6abe42e3d79af/perusahaan-data-center-digital-realty-tunjuk-raymond-yan-jadi-presiden-direktur
"WALHI Minta Indonesia Perketat Aturan Data Center, Berkaca pada Malaysia",https://katadata.co.id/digital/teknologi/6abe245be3347/walhi-minta-indonesia-perketat-aturan-data-center-berkaca-pada-malaysia
"Data Center di Jatiluhur Disorot, IESR Menilai Perlu Ada Aturan Khusus",https://katadata.co.id/digital/teknologi/6abe0997bef5a/data-center-di-jatiluhur-disorot-iesr-menilai-perlu-ada-aturan-khusus
"Data Center BDx Disetop Sementara, IESR Desak Kajian Lingkungan Menyeluruh",https://katadata.co.id/digital/teknologi/6abdfedc27c0f/data-center-bdx-disetop-sementara-iesr-desak-kajian-lingkungan-menyeluruh
"Indonesia Punya 204 Data Center, Terbanyak Keempat di Asia",https://katadata.co.id/digital/teknologi/6abc8e9a8b475/indonesia-punya-204-data-center-terbanyak-keempat-di-asia
IDPRO: Pembangunan Data Center Harus Memperhatikan Aspek Lingkungan,https://katadata.co.id/digital/teknologi/6abb64434f5c2/idpro-pembangunan-data-center-harus-memperhatikan-aspek-lingkungan
"Boy Thohir Masuk NextAI MGLV di Tengah Geliat Data Center, Bagaimana Prospeknya?",https://katadata.co.id/finansial/bursa/6abb2ac9098b9/boy-thohir-masuk-nextai-mglv-di-tengah-geliat-data-center-bagaimana-prospeknya
Konsumsi Listrik Data Center yang Dilayani PLN Capai 2.378 GWh,https://katadata.co.id/berita/energi/6ab78979234da/konsumsi-listrik-data-center-yang-dilayani-pln-capai-2378-gwh
Bahlil Promosikan Pembangunan Data Center di Indonesia: Harga Listrik Kompetitif,https://katadata.co.id/berita/energi/6ab2795a05f5c/bahlil-promosikan-pembangunan-data-center-di-indonesia-harga-listrik-kompetitif
AI dan Data Center Jadi Mesin Baru Permintaan Listrik Energi Hijau Indonesia,https://katadata.co.id/digital/teknologi/6aaa487d628d3/ai-dan-data-center-jadi-mesin-baru-permintaan-listrik-energi-hijau-indonesia
Banten Bidik Investasi Data Center di Kawasan Ekonomi Khusus ETKI BSD,https://katadata.co.id/berita/daerah/6aa8f7952e094/banten-bidik-investasi-data-center-di-kawasan-ekonomi-khusus-etki-bsd
"Trump Tolak Rem Pengembangan AI, Khawatir Cina Diuntungkan",https://katadata.co.id/digital/teknologi/6aa8c27629320/trump-tolak-rem-pengembangan-ai-khawatir-cina-diuntungkan
"AI Bikin Kebutuhan Listrik Korea Selatan Melonjak, Setara 20 Reaktor Nuklir",https://katadata.co.id/digital/teknologi/6aa3d251dc6b3/ai-bikin-kebutuhan-listrik-korea-selatan-melonjak-setara-20-reaktor-nuklir
"TikTok Bangun Pusat Data Baru di Finlandia, Kapasitas 150 MW",https://katadata.co.id/digital/teknologi/6aa100183d9be/tiktok-bangun-pusat-data-baru-di-finlandia-kapasitas-150-mw
"Booming Data Center Dongkrak Bisnis DMAS, 75% Permintaan Lahan dari Data Center",https://katadata.co.id/digital/teknologi/6a9f89a7a3b7e/booming-data-center-dongkrak-bisnis-dmas-75-permintaan-lahan-dari-data-center
PGEO Bidik Pasokan Listrik Data Center dan AI lewat Panas Bumi,https://katadata.co.id/finansial/korporasi/6a9f79357b393/pgeo-bidik-pasokan-listrik-data-center-dan-ai-lewat-panas-bumi
"Booming Data Center Indonesia Dibayangi Krisis Listrik, Air dan SDM",https://katadata.co.id/digital/teknologi/6a96af9899589/booming-data-center-indonesia-dibayangi-krisis-listrik-air-dan-sdm
"IHSG Rawan Terkoreksi, Saham BBCA, ASII, MDKA, GGRM Masuk Rekomendasi Analis",https://katadata.co.id/finansial/bursa/6ac2e26828ed0/ihsg-rawan-terkoreksi-saham-bbca-asii-mdka-ggrm-masuk-rekomendasi-analis
"Saham GOTO Bangkit dari ARB Rp 28, Efek Realisasi Buyback Rp 3,5 Triliun?",https://katadata.co.id/finansial/bursa/6ac2f3dc5c074/saham-goto-bangkit-dari-arb-rp-28-efek-realisasi-buyback-rp-3-5-triliun
"Wall Street Naik, Data Tenaga Kerja AS Picu Harapan The Fed Tahan Suku Bunga",https://katadata.co.id/finansial/bursa/6ac2e5b7ee664/wall-street-naik-data-tenaga-kerja-as-picu-harapan-the-fed-tahan-suku-bunga
